Date,Station,Trail_Walked,Location,Surveyors,Survey_Start_Time,Survey_End_Time,Snake_ID,Family,Genus,Species,Common_Name,Time_Found,GPS_Coordinates,Observor,Temperature_at_Time_of_Detection,Humidity_at_Time_of_Detection,Distance_From_Trail_m,Height_of_Individual,Habitat_Type,Time_Window_of_Last_Rain_Event_h,Weather,Wind,Diet_Type,Primary_Diet_Component,Notes,Size,Type_of_Encounter,During_My_Rotation,Start_Date,Method_of_Detection
6/22/2024,TBS,Anaconda-Lago,LAGO-02,"O,T,Jess,Amy,Adrian",8:06 PM,10:29 PM,SK07,Colubridae,Siphlophis,cervinus,Panama_Spotted_Nightsnake,9:21 PM,S 00°38.2567' W 076°09.5111',Owen,83.1,79.7,1.75,U,Varzea,30,clear,no wind,no_mammals,lizards,NA,NA,Survey,Yes,6/22/2024,Found on survey
6/22/2024,TBS,Anaconda-Lago,LAGO-01,"O,T,Jess,Amy,Adrian",8:06 PM,10:29 PM,SK08,Colubridae,Dipsas,catesbyi,Catesby's_Snail_Eater,10:03 PM,S 00°38.3870' W 076°09.2314',Adrian,83.2,83.5,1.3,U,Varzea,30,clear,no wind,no_mammals,arthropods,NA,NA,Survey,Yes,6/22/2024,Found on survey
6/22/2024,TBS,Anaconda-Lago,LAGO-01,"O,T,Jess,Amy,Adrian",8:06 PM,10:29 PM,SK09,Colubridae,Dipsas,pavonina,Northern_Snail_Eater,10:10 PM,S 00°38.3807' W 076°09.1913',Owen,83.2,83.5,1.4,U,Varzea,30,clear,no wind,no_mammals,arthropods,NA,NA,Survey,Yes,6/22/2024,Found on survey
7/15/2024,TBS,Anaconda-Lago,LAGO-02,"O,M",8:14 PM,11:42 PM,SK19,Colubridae,Drepanoides,anomalus,Black-collared_Snake,9:10 PM,S0° 38.251' W76° 09.759',Owen,75.7,92.4,2.8,U,Varzea,24,clear,no wind,no_mammals,eggs,NA,NA,Survey,Yes,7/15/2024,Found on survey
7/15/2024,TBS,Anaconda-Lago,LAGO-02,"O,M",8:14 PM,11:42 PM,SK20,Colubridae,Imantodes,cenchoa,Common_Blunt-headed_Tree_Snake,10:02 PM,S0° 38.269' W76° 09.498',Owen,75.1,91.4,0.3,U,Varzea,24,clear,no wind,no_mammals,lizards,NA,NA,Survey,Yes,7/15/2024,Found on survey
7/15/2024,TBS,Anaconda-Lago,LAGO-02,"O,M",8:14 PM,11:42 PM,SK21,Colubridae,Chironius,fuscus,Brown_Sipo,10:12 PM,S0° 38.288' W76° 09.463',Owen,77.7,86.5,0.2,U,Varzea,24,clear,no wind,mixed,frogs,NA,NA,Survey,Yes,7/15/2024,Found on survey
7/15/2024,TBS,Anaconda-Lago,LAGO-02,"O,M",8:14 PM,11:42 PM,SK22,Boidae,Corallus,hortulanus,Amazon_Tree_Boa,10:31 PM,S0° 38.298' W76° 09.380',Mike,76.6,87,8,U,Varzea,24,clear,no wind,mostly_mammals,mammals,NA,NA,Survey,Yes,7/15/2024,Found on survey
7/15/2024,TBS,Anaconda-Lago,LAGO-02,"O,M",8:14 PM,11:42 PM,SK23,Boidae,Epicrates,cenchria,Western_Rainbow_Boa,10:58 PM,S0° 38.340' W76° 09.307',Mike,75.9,88.9,2.2,U,Varzea,24,clear,no wind,mostly_mammals,mammals,NA,NA,Survey,Yes,7/15/2024,Found on survey
7/15/2024,TBS,Anaconda-Lago,LAGO-02,"O,M",8:14 PM,11:42 PM,SK24,Colubridae,Chironius,multiventris,South_American_Sipo,11:05 PM,S0° 38.341' W76° 09.271',Mike,77.5,84.9,3.5,U,Varzea,24,clear,no wind,no_mammals,frogs,NA,NA,Survey,Yes,7/15/2024,Found on survey
6/4/2025,TBS,Anaconda-Lago,LAGO-02,"O,J,T",8:12 PM,10:32 PM,SK53,Colubridae,Oxyrhopus,occipitalis,Yellow-headed_Flame_Snake,9:18 PM,S 00º38.2584' W 076º09.6523',Owen,79.2,85.7,1.6,G,Varzea,6,cloudy,no wind,mixed,mixed,NA,S,Survey,Yes,6/4/2025,Found on survey
6/4/2025,TBS,Anaconda-Lago,LAGO-02,"O,J,T",8:12 PM,10:32 PM,SK54,Colubridae,Drepanoides,anomalus,Black-collared_Snake,9:52 PM,S 00º38.2912' W 076º09.4701',Jacob,79.7,84.7,2,U,Varzea,6,cloudy,no wind,no_mammals,eggs,NA,XS,Survey,Yes,6/4/2025,Found on survey
7/2/2025,TBS,Anaconda-Lago,ANAC-01,"O,J,JP",8:06 PM,10:53 PM,SK83,Colubridae,Imantodes,cenchoa,Common_Blunt-headed_Tree_Snake,8:25 PM,S 00º38.1562' W 076º09.8644' ,Owen,73.2,93.2,5.2,U,Varzea,6,cloudy,no wind,no_mammals,lizards,NA,S,Survey,Yes,7/2/2025,Found on survey
6/14/2025,YRS,Botanico-Tinamou-Napo-Bariso-Timatai-Napo-Pantano-Botanico-Gran Ficus,NA,"O,J",8:04 PM,10:40 PM,NA,NA,NA,NA,NA,NA,NA,NA,NA,NA,NA,NA,NA,6,cloudy,no wind,NA,NA,no snakes,NA,Survey,Yes,6/14/2025,Found on survey
7/13/2025,YRS,Botanico-Tinamou-Napo-Timatai-Bariso,NA,"O,J,JP,Dillon",8:51 PM,10:41 PM,NA,NA,NA,NA,NA,NA,NA,NA,NA,NA,NA,NA,NA,12,cloudy,no wind,NA,NA,no snakes,NA,Survey,Yes,7/13/2025,Found on survey
7/3/2024,YRS,Ceiba-Peru,PERU-01,"O,M",8:11 PM,11:07 PM,SK13,Colubridae,Imantodes,cenchoa,Common_Blunt-headed_Tree_Snake,8:45 PM,S 00°40.6490' W 076°23.6095',Owen,77.3,93.2,2.5,U,Terrafirme,12,cloudy,no wind,no_mammals,lizards,NA,NA,Survey,Yes,7/3/2024,Found on survey
6/10/2025,YRS,Ceiba-Peru,PERU-05,"O,J",8:07 PM,10:33 PM,SK62,Colubridae,Leptodeira,approximans,Upper_Amazon_Cat-eyed_Snake,10:15 PM,S 00º40.5277' W 076º23.2141',Owen,79.2,85.7,1.5,U,Terrafirme,18,clear,no wind,mixed,frogs,NA,S,Survey,Yes,6/10/2025,Found on survey
7/15/2025,YRS,Chorongo-Kinkajou-Napo,NA,"O,J,JP,Nora",8:30 PM,10:12 PM,NA,NA,NA,NA,NA,NA,NA,NA,NA,NA,NA,NA,NA,48,clear,no wind,NA,NA,no snakes,NA,Survey,Yes,7/15/2025,Found on survey
6/27/2024,YRS,Chorongo-Kinkajou-Napo-Bariso-Tinamou-Botanico,YCHO-01,"O,T",8:07 PM,11:04 PM,SK10,Boidae,Epicrates,cenchria,Western_Rainbow_Boa,8:20 PM,S 00°40.6223' W 076°24.4398',Owen,79.7,83.6,4,G,Varzea,12,clear,no wind,mostly_mammals,mammals,NA,NA,Survey,Yes,6/27/2024,Found on survey
6/27/2024,YRS,Chorongo-Kinkajou-Napo-Bariso-Tinamou-Botanico,TINA-01,"O,T",8:07 PM,11:04 PM,SK11,Boidae,Epicrates,cenchria,Western_Rainbow_Boa,10:49 PM,S 00°40.5218' W 076°23.9045',Owen,77.8,85.8,0.5,U,Terrafirme,12,clear,no wind,mostly_mammals,mammals,NA,NA,Survey,Yes,6/27/2024,Found on survey
7/4/2024,YRS,Chorongo-Kinkajou-Napo-Bariso-Tinamou-Botanico,YCHO-01,"O,Sophia",8:12 PM,11:00 PM,SK14,Colubridae,Leptodeira,approximans,Upper_Amazon_Cat-eyed_Snake,8:48 PM,S 00°40.5370' W 076°24.4967' ,Owen,78.3,87,0.3,U,Terrafirme,6,cloudy,no wind,mixed,frogs,NA,NA,Survey,Yes,7/4/2024,Found on survey
7/4/2024,YRS,Chorongo-Kinkajou-Napo-Bariso-Tinamou-Botanico,YCHO-01,"O,Sophia",8:12 PM,11:00 PM,SK15,Colubridae,Dipsas,pavonina,Northern_Snail_Eater,9:27 PM,S 00°40.3463' W 076°24.3769',Owen,78.4,94.7,0.5,U,Varzea,6,cloudy,no wind,no_mammals,arthropods,NA,NA,Survey,Yes,7/4/2024,Found on survey
7/29/2024,YRS,Chorongo-Kinkajou-Napo-Bariso-Tinamou-Botanico,YCHO-01,"O,T",8:20 PM,10:48 PM,SK44,Boidae,Corallus,batesii,Bates'_Emerald_Tree_Boa,8:32 PM,S0° 40.677' W76° 24.419',Owen,81.4,86,1,U,Terrafirme,30,clear,none,mostly_mammals,mammals,NA,NA,Survey,Yes,7/29/2024,Found on survey
7/29/2024,YRS,Chorongo-Kinkajou-Napo-Bariso-Tinamou-Botanico,YCHO-01,"O,T",8:20 PM,10:48 PM,SK45,Colubridae,Leptodeira,approximans,Upper_Amazon_Cat-eyed_Snake,8:51 PM,S0° 40.607' W76° 24.463',Owen,81.6,83.1,4.3,U,Terrafirme,30,clear,none,mixed,frogs,NA,NA,Survey,Yes,7/29/2024,Found on survey
6/9/2025,YRS,Chorongo-Kinkajou-Napo-Bariso-Tinamou-Botanico,YCHO-01,"O,J",8:15 PM,11:03 PM,SK57,Colubridae,Hydrops,triangularis,Triangle_Watersnake,8:47 PM,S 00º40.4353' W 076º24.4447',Jacob,77.3,88.2,1.4,G,Varzea,18,cloudy,no wind,no_mammals,fish,NA,XS,Survey,Yes,6/9/2025,Found on survey
6/9/2025,YRS,Chorongo-Kinkajou-Napo-Bariso-Tinamou-Botanico,YCHO-01,"O,J",8:15 PM,11:03 PM,SK58,Viperidae,Bothrops,bilineatus,Two-lined_Forest_Pitviper,9:22 PM,S 00º40.4353' W 076º24.4583',Jacob,80.5,88.4,6.8,U,Varzea,18,cloudy,no wind,mixed,mixed,NA,S,Survey,Yes,6/9/2025,Found on survey
6/9/2025,YRS,Chorongo-Kinkajou-Napo-Bariso-Tinamou-Botanico,KINK-01,"O,J",8:15 PM,11:03 PM,SK59,Colubridae,Imantodes,cenchoa,Common_Blunt-headed_Tree_Snake,9:43 PM,S 00º40.3130' W 076º24.3391',Owen,76.4,89.7,1.4,U,Terrafirme,18,cloudy,no wind,no_mammals,lizards,NA,S,Survey,Yes,6/9/2025,Found on survey
6/9/2025,YRS,Chorongo-Kinkajou-Napo-Bariso-Tinamou-Botanico,KINK-01,"O,J",8:15 PM,11:03 PM,SK60,Boidae,Corallus,hortulanus,Amazon_Tree_Boa,9:54 PM,S 00º40.3297' W 076º24.2758',Owen,76.9,88.6,5.7,U,Terrafirme,0,rain,no wind,mostly_mammals,mammals,NA,M,Survey,Yes,6/9/2025,Found on survey
6/9/2025,YRS,Chorongo-Kinkajou-Napo-Bariso-Tinamou-Botanico,BARI-01,"O,J",8:15 PM,11:03 PM,SK61,Colubridae,Chironius,fuscus,Brown_Sipo,10:33 PM,S 00º40.4335' W 076º24.0267',Owen,79,90.2,3.2,U,Terrafirme,0,rain,no wind,mixed,frogs,NA,XS,Survey,Yes,6/9/2025,Found on survey
7/6/2025,YRS,Chorongo-Kinkajou-Napo-Tucan-Garza-Napo,YCHO-01,"O,J,JP",8:13 PM,10:38 PM,SK90,Colubridae,Drepanoides,anomalus,Black-collared_Snake,9:03 PM,S 00º40.40.92' W 076º24.4429',Jacob,75,95.7,2.6,U,Terrafirme,66,partly cloudy,no wind,no_mammals,eggs,no photo :(,S,Survey,Yes,7/6/2025,Found on survey
7/6/2025,YRS,Chorongo-Kinkajou-Napo-Tucan-Garza-Napo,NAPO-05,"O,J,JP",8:13 PM,10:38 PM,SK91,Colubridae,Imantodes,cenchoa,Common_Blunt-headed_Tree_Snake,9:38 PM,S 00º40.3033' W 076º24.2081',Owen,77.3,94,2.8,U,Terrafirme,66,partly cloudy,no wind,no_mammals,lizards,NA,M,Survey,Yes,7/6/2025,Found on survey
7/9/2025,YRS,Coca-Ceiba,CEIB-02,"O,J",8:45 PM,9:34 PM,SK96,Colubridae,Imantodes,cenchoa,Common_Blunt-headed_Tree_Snake,9:28 PM,S 00º40.6711' W 076º23.6097',Owen,71.8,96.8,0.2,U,Terrafirme,6,cloudy,no wind,no_mammals,lizards,NA,M,Survey,Yes,7/9/2025,Found on survey
7/16/2025,YRS,Coca-Ceiba-Peru-Renacuajo-Mirador,RENA-01,"O,J,JP",8:21 PM,10:24 PM,SK99,Colubridae,Imantodes,cenchoa,Common_Blunt-headed_Tree_Snake,9:45 PM,S 00º40.5329' W 076º23.5630',Juan Pablo,74.3,97.8,3,U,Terrafirme,6,cloudy,no wind,no_mammals,lizards,NA,M,Survey,Yes,7/16/2025,Found on survey
7/5/2025,YRS,Coca-Ceiba-Peru-Tiputini-Peru,COCA-01,"O,J,JP",8:26 PM,11:30 PM,SK86,Colubridae,Chironius,multiventris,South_American_Sipo,8:38 PM,S 00º40.6308' W 076º23.7853',Juan Pablo,76.8,91.3,2.3,U,Terrafirme,42,clear,no wind,no_mammals,frogs,NA,S,Survey,Yes,7/5/2025,Found on survey
7/5/2025,YRS,Coca-Ceiba-Peru-Tiputini-Peru,COCA-01,"O,J,JP",8:26 PM,11:30 PM,SK87,Boidae,Corallus,hortulanus,Amazon_Tree_Boa,8:38 PM,S 00º40.6340' W 076º23.7870',Jacob,76.8,91.3,11.5,C,Terrafirme,42,clear,no wind,mostly_mammals,mammals,NA,M,Survey,Yes,7/5/2025,Found on survey
7/5/2025,YRS,Coca-Ceiba-Peru-Tiputini-Peru,COCA-01,"O,J,JP",8:26 PM,11:30 PM,SK88,Colubridae,Oxyrhopus,occipitalis,Yellow-headed_Flame_Snake,9:17 PM,S 00º40.7392' W 076º23.6501',Jacob,74.6,92.5,3.5,G,Terrafirme,42,clear,no wind,mixed,mixed,NA,S,Survey,Yes,7/5/2025,Found on survey
7/5/2025,YRS,Coca-Ceiba-Peru-Tiputini-Peru,COCA-01,"O,J,JP",8:26 PM,11:30 PM,SK89,Boidae,Corallus,hortulanus,Amazon_Tree_Boa,10:56 PM,S 00º40.3798' W 076º23.2548',Owen,75.6,93.3,4.4,U,Terrafirme,42,clear,no wind,mostly_mammals,mammals,NA,S,Survey,Yes,7/5/2025,Found on survey
7/25/2024,YRS,Forest Plot North Edge-Forest Plot Interior-Forest Plot North Edge-Torre,FPIN-01,"O,T",8:19 PM,10:44 PM,SK39,Boidae,Corallus,hortulanus,Amazon_Tree_Boa,9:31 PM,S0° 40.908' W76° 23.793',Therese,78.1,89.6,0.2,U,Terrafirme,96,partly cloudy,felt on face,mostly_mammals,mammals,NA,NA,Survey,Yes,7/25/2024,Found on survey
7/2/2024,YRS,Forest Plot Perimeter,NA,"O,T",8:00 PM,11:11 PM,NA,NA,NA,NA,NA,NA,NA,NA,NA,NA,NA,NA,NA,0,rain,no wind,NA,NA,NA,NA,Survey,Yes,7/2/2024,Found on survey
7/6/2024,YRS,Forest Plot Perimeter,NA,"O,A",8:29 PM,11:28 PM,NA,NA,NA,NA,NA,NA,NA,NA,NA,NA,NA,NA,NA,12,clear,no wind,NA,NA,NA,NA,Survey,Yes,7/6/2024,Found on survey
6/17/2025,YRS,Forest Plot Perimeter,NA,"O,J",8:17 PM,11:35 PM,NA,NA,NA,NA,NA,NA,NA,NA,NA,NA,NA,NA,NA,6,partly cloudy,no wind,NA,NA,no snakes,NA,Survey,Yes,6/17/2025,Found on survey
7/4/2025,YRS,Forest Plot Perimeter,FPPE-04,"O,J,JP",8:21 PM,11:39 PM,SK84,Boidae,Corallus,hortulanus,Amazon_Tree_Boa,8:32 PM,S 00º40.8562' W 076º23.8409',Owen,74.2,95,8.5,C,Terrafirme,18,cloudy,no wind,mostly_mammals,mammals,NA,M,Survey,Yes,7/4/2025,Found on survey
7/4/2025,YRS,Forest Plot Perimeter,FPPE-05,"O,J,JP",8:21 PM,11:39 PM,SK85,Colubridae,Xenoxybelis,argenteus,Striped_Sharpnose_Snake,9:14 PM,S 00º40.8636' W 076º24.2133',Owen,72,95.9,1.5,U,Terrafirme,18,cloudy,no wind,no_mammals,lizards,NA,M,Survey,Yes,7/4/2025,Found on survey
7/11/2025,YRS,Gawape-Chorongo-Kinkajou,NA,"O,J,JP",8:14 PM,10:40 PM,NA,NA,NA,NA,NA,NA,NA,NA,NA,NA,NA,NA,NA,12,cloudy,no wind,NA,NA,no snakes,NA,Survey,Yes,7/11/2025,Found on survey
6/29/2024,YRS,Gawape-Chorongo-Kinkajou-Napo-Tucan-Garza,GAWA-02,"O,M,Dimitri",8:04 PM,11:19 PM,SK12,Colubridae,Chironius,fuscus,Brown_Sipo,8:35 PM,S 00°40.2144' W 076°23.9531' ,Mike,79.3,93.2,3.2,U,Varzea,6,clear,no wind,mixed,frogs,NA,NA,Survey,Yes,6/29/2024,Found on survey
6/12/2025,YRS,Gawape-Chorongo-Kinkajou-Napo-Tucan-Garza,GAWA-02,"O,J",8:01 PM,10:53 PM,SK63,Colubridae,Drymobius,rhombifer,Diamond_Racer,8:18 PM,S 00º40.3183' W 076º23.9689',Owen,81.7,82.5,0.3,U,Terrafirme,12,clear,no wind,no_mammals,frogs,NA,M,Survey,Yes,6/12/2025,Found on survey
6/12/2025,YRS,Gawape-Chorongo-Kinkajou-Napo-Tucan-Garza,GAWA-02,"O,J",8:01 PM,10:53 PM,SK64,Colubridae,Imantodes,cenchoa,Common_Blunt-headed_Tree_Snake,8:42 PM,S 00º40.2058' W 076º23.9611',Owen,81,85.4,1.1,U,Varzea,12,clear,no wind,no_mammals,lizards,NA,S,Survey,Yes,6/12/2025,Found on survey
7/26/2024,YRS,Gawape-Garza-Tucan-Napo-Kinkajou-Chorongo-Tucan-Gawape,KINK-01,"O,A",8:02 PM,10:54 PM,SK40,Colubridae,Imantodes,cenchoa,Common_Blunt-headed_Tree_Snake,8:58 PM,S0° 40.310' W76° 24.327',Owen,76.9,93.5,0.3,U,Terrafirme,120,clear,none,no_mammals,lizards,NA,NA,Survey,Yes,7/26/2024,Found on survey
7/26/2024,YRS,Gawape-Garza-Tucan-Napo-Kinkajou-Chorongo-Tucan-Gawape,YCHO-02,"O,A",8:02 PM,10:54 PM,SK41,Colubridae,Imantodes,cenchoa,Common_Blunt-headed_Tree_Snake,9:21 PM,S0° 40.147' W76° 24.330',Owen,77.1,94.6,1.2,U,Terrafirme,120,clear,none,no_mammals,lizards,NA,NA,Survey,Yes,7/26/2024,Found on survey
7/26/2024,YRS,Gawape-Garza-Tucan-Napo-Kinkajou-Chorongo-Tucan-Gawape,YCHO-02,"O,A",8:02 PM,10:54 PM,SK42,Colubridae,Xenoxybelis,argenteus,Striped_Sharpnose_Snake,9:29 PM,S0° 40.061' W76° 24.323',Owen,77.5,94.8,2.2,U,Terrafirme,120,clear,none,no_mammals,lizards,NA,NA,Survey,Yes,7/26/2024,Found on survey
6/13/2024,TBS,Guacamayo-Danta-Lago,LAGO-01,"O,M,T",8:59 PM,11:54 PM,SK01,Colubridae,Dipsas,catesbyi,Catesby's_Snail_Eater,10:33 PM,S 00°38.324' W 076°09.224',Mike,80.8,83.7,3.5,U,Varzea,6,partly cloudy,no wind,no_mammals,arthropods,rain at end of survey,NA,Survey,Yes,6/13/2024,Found on survey
6/13/2024,TBS,Guacamayo-Danta-Lago,LAGO-01,"O,M,T",8:59 PM,11:54 PM,SK02,Colubridae,Dipsas,catesbyi,Catesby's_Snail_Eater,11:07 PM,S 00°38.3868' W 076°09.2344',Mike,83,79.8,0.5,U,Varzea,6,partly cloudy,no wind,no_mammals,arthropods,rain at end of survey,NA,Survey,Yes,6/13/2024,Found on survey
7/10/2024,TBS,Guacamayo-Danta-Lago,NA,"O,M",8:07 PM,10:58 PM,NA,NA,NA,NA,NA,NA,NA,NA,NA,NA,NA,NA,NA,6,clear,no wind,NA,NA,NA,NA,Survey,Yes,7/10/2024,Found on survey
6/7/2025,TBS,Guacamayo-Danta-Lago,DANT-01,"O,J",7:59 PM,10:26 PM,SK56,Viperidae,Bothrops,bilineatus,Two-lined_Forest_Pitviper,9:15 PM,S 00º38.2662' W 076º09.2548',Owen,79,87.9,1.9,U,Varzea,30,clear,no wind,mixed,mixed,NA,XS,Survey,Yes,6/7/2025,Found on survey
6/27/2025,TBS,Guacamayo-Danta-Lago,LAGO-01,"O,J,JP",8:10 PM,10:04 PM,SK76,Colubridae,Imantodes,cenchoa,Common_Blunt-headed_Tree_Snake,9:39 PM,S 00º38.3702' W 076º09.1760' ,Jacob,79.9,87.6,4.5,U,Varzea,0,rain,no wind,no_mammals,lizards,NA,S,Survey,Yes,6/27/2025,Found on survey
6/20/2025,TBS,Guacamayo-Puma-Harpia-Chorongo,PUMA-01,"O,J,JP",8:23 PM,11:07 PM,SK68,Colubridae,Imantodes,cenchoa,Common_Blunt-headed_Tree_Snake,8:56 PM,S 00º37.9913' W 076º09.3222',Owen,79.1,83.7,0.7,U,Terrafirme,6,cloudy,no wind,no_mammals,lizards,NA,S,Survey,Yes,6/20/2025,Found on survey
6/20/2025,TBS,Guacamayo-Puma-Harpia-Chorongo,PUMA-02,"O,J,JP",8:23 PM,11:07 PM,SK69,Colubridae,Chironius,multiventris,South_American_Sipo,9:33 PM,S 00º37.7582' W 076º09.4124',Jacob,77.4,88.1,5,U,Terrafirme,6,cloudy,no wind,no_mammals,frogs,NA,S,Survey,Yes,6/20/2025,Found on survey
6/20/2025,TBS,Guacamayo-Puma-Harpia-Chorongo,TCHO-01,"O,J,JP",8:23 PM,11:07 PM,SK70,Colubridae,Imantodes,cenchoa,Common_Blunt-headed_Tree_Snake,10:44 PM,S 00º37.9456' W 076º09.0197',Owen,80.1,85.3,0.6,U,Terrafirme,0,rain,felt on face,no_mammals,lizards,NA,M,Survey,Yes,6/20/2025,Found on survey
6/28/2025,TBS,Guacamayo-Puma-Harpia-Chorongo,PUMA-01,"O,J,JP",8:17 PM,10:36 PM,SK77,Colubridae,Imantodes,cenchoa,Common_Blunt-headed_Tree_Snake,8:43 PM,S 00º38.0190' W 076º09.3214' ,Owen,74.2,95.1,1.6,U,Terrafirme,6,clear,no wind,no_mammals,lizards,NA,M,Survey,Yes,6/28/2025,Found on survey
6/28/2025,TBS,Guacamayo-Puma-Harpia-Chorongo,TCHO-01,"O,J,JP",8:17 PM,10:36 PM,SK78,Elapidae,Micrurus,helleri,Western_Ribbon_Coralsnake,10:33 PM,S 00º38.1232' W 076º09.0863' ,Owen,75.4,95,3.8,G,Terrafirme,6,clear,no wind,no_mammals,snakes,NA,M,Survey,Yes,6/28/2025,Found on survey
6/19/2024,TBS,Guacamayo-Puma-Harpia-Chorongo-Guacamayo,PUMA-01,"O,M,Jess,Amy",7:58 PM,10:50 PM,SK06,Colubridae,Chironius,multiventris,South_American_Sipo,8:31 PM,S 00°37.9299' W 076°09.3697',Owen,76.9,92.2,2,U,Terrafirme,6,cloudy,no wind,no_mammals,frogs,NA,NA,Survey,Yes,6/19/2024,Found on survey
7/11/2024,TBS,Guacamayo-Puma-Harpia-Chorongo-Guacamayo,NA,"O,T",8:08 PM,10:57 PM,NA,NA,NA,NA,NA,NA,NA,NA,NA,NA,NA,NA,NA,6,partly cloudy,no wind,NA,NA,NA,NA,Survey,Yes,7/11/2024,Found on survey
7/14/2024,TBS,Harpia Plot-Harpia,HAPL-01,"O,T",8:51 PM,12:05 AM,SK16,Colubridae,Imantodes,lentiferus,Amazon_Blunt-headed_Tree_Snake,10:14 PM,S0° 38.003' W76° 08.195',Owen,77.5,85.5,2.8,U,Terrafirme,12,clear,no wind,no_mammals,lizards,NA,NA,Survey,Yes,7/14/2024,Found on survey
7/14/2024,TBS,Harpia Plot-Harpia,HARP-01,"O,T",8:51 PM,12:05 AM,SK17,Colubridae,Oxyrhopus,petolarius,Forest_Flame_Snake,11:48 PM,S0° 38.112' W76° 08.806',Owen,77.4,85.6,2.3,U,Terrafirme,12,clear,no wind,mixed,mixed,NA,NA,Survey,Yes,7/14/2024,Found on survey
7/14/2024,TBS,Harpia Plot-Harpia,HARP-01,"O,T",8:51 PM,12:05 AM,SK18,Colubridae,Imantodes,cenchoa,Common_Blunt-headed_Tree_Snake,11:52 PM,S0° 38.138' W76° 08.822',Therese,77.4,85.6,1.6,U,Terrafirme,12,clear,no wind,no_mammals,lizards,NA,NA,Survey,Yes,7/14/2024,Found on survey
7/18/2024,TBS,Harpia Plot-Harpia,HAPL-01,"O,Brian",8:00 PM,10:50 PM,SK32,Colubridae,Imantodes,cenchoa,Common_Blunt-headed_Tree_Snake,9:14 PM,S0° 37.993' W76° 08.315',Owen,78,91.5,1.6,U,Terrafirme,24,partly cloudy,felt on face,no_mammals,lizards,NA,NA,Survey,Yes,7/18/2024,Found on survey
7/18/2024,TBS,Harpia Plot-Harpia,HARP-01,"O,Brian",8:00 PM,10:50 PM,SK33,Colubridae,Imantodes,cenchoa,Common_Blunt-headed_Tree_Snake,10:08 PM,S0° 38.077' W76° 08.750',Brian,76.5,92.2,1.5,U,Terrafirme,24,partly cloudy,felt on face,no_mammals,lizards,NA,NA,Survey,Yes,7/18/2024,Found on survey
7/18/2024,TBS,Harpia Plot-Harpia,HARP-01,"O,Brian",8:00 PM,10:50 PM,SK34,Colubridae,Imantodes,cenchoa,Common_Blunt-headed_Tree_Snake,10:29 PM,S0° 38.168' W76° 08.826',Owen,77.2,92.9,0.5,U,Terrafirme,24,partly cloudy,felt on face,no_mammals,lizards,NA,NA,Survey,Yes,7/18/2024,Found on survey
7/1/2025,TBS,Harpia Plot-Harpia,NA,"O,J,JP",8:48 PM,11:22 PM,NA,NA,NA,NA,NA,NA,NA,NA,NA,NA,NA,NA,NA,0,rain,no wind,NA,NA,no snakes,NA,Survey,Yes,7/1/2025,Found on survey
6/25/2025,TBS,Harpia Plot-Harpia,HAPL-01,"O,J,JP",8:00 PM,10:22 PM,SK73,Colubridae,Helicops,angulatus,Brown-banded_Watersnake,9:39 PM,S 00º37.9934' W 076º08.5675' ,Owen,75.5,96.3,0,G,Varzea,6,cloudy,no wind,no_mammals,fish,NA,XS,Survey,Yes,6/25/2025,Found on survey
6/17/2024,TBS,Matapalo-Murcielago-Matapalo-Chichico-Numa-Matapalo,MAPO-03,"O,T",8:04 PM,12:11 AM,SK03,Colubridae,Oxyrhopus,petolarius,Forest_Flame_Snake,8:47 PM,S 00°38.2292' W 076°08.7913',Owen,79.3,93.2,0,G,Terrafirme,24,clear,no wind,mixed,mixed,NA,NA,Survey,Yes,6/17/2024,Found on survey
6/17/2024,TBS,Matapalo-Murcielago-Matapalo-Chichico-Numa-Matapalo,MAPO-02,"O,T",8:04 PM,12:11 AM,SK04,Colubridae,Drepanoides,anomalus,Black-collared_Snake,11:51 PM,S 00°38.2159' W 076°08.8751',Owen,77.2,91.6,2,U,Terrafirme,24,clear,no wind,no_mammals,eggs,NA,NA,Survey,Yes,6/17/2024,Found on survey
6/17/2024,TBS,Matapalo-Murcielago-Matapalo-Chichico-Numa-Matapalo,MAPO-02,"O,T",8:04 PM,12:11 AM,SK05,Colubridae,Imantodes,cenchoa,Common_Blunt-headed_Tree_Snake,11:59 PM,S 00°38.2150' W 076°08.8750',Owen,77.2,91.6,3,U,Varzea,24,clear,no wind,no_mammals,lizards,NA,NA,Survey,Yes,6/17/2024,Found on survey
6/6/2025,TBS,Matapalo-Murcielago-Puentes-Matapalo-Chichico-Numa,MAPO-04,"O,J",8:08 PM,11:02 PM,SK55,Colubridae,Imantodes,cenchoa,Common_Blunt-headed_Tree_Snake,9:54 PM,S 00º38.2982' W 076º08.7041',Owen,75.5,90.9,3.5,U,Terrafirme,6,partly cloudy,no wind,no_mammals,lizards,NA,S,Survey,Yes,6/6/2025,Found on survey
7/8/2024,TBS,Matapalo-Murcielago-Puentes-Murcielago Pond-Matapalo-Chichico-Numa,NA,"O,Ethan",8:01 PM,10:53 PM,NA,NA,NA,NA,NA,NA,NA,NA,NA,NA,NA,NA,NA,24,clear,no wind,NA,NA,NA,NA,Survey,Yes,7/8/2024,Found on survey
6/23/2024,TBS,Matapalo-Murcielago-Puentes-Murcielago Pond-Puentes-Murcielago-Matapalo,NA,"O,M,Ramiro",8:00 PM,10:36 PM,NA,NA,NA,NA,NA,NA,NA,NA,NA,NA,NA,NA,NA,54,clear,no wind,NA,NA,NA,NA,Survey,Yes,6/23/2024,Found on survey
6/26/2025,TBS,Matapalo-Murcielago-Puentes-Murcielago Pond-Matapalo-Chichico-Numa,MUPO-01,"O,J,JP",8:01 PM,10:51 PM,SK74,Colubridae,Imantodes,cenchoa,Common_Blunt-headed_Tree_Snake,9:19 PM,S 00º38.2922' W 076º08.5955',Owen,76,92.4,3.6,U,Varzea,30,cloudy,no wind,no_mammals,lizards,NA,M,Survey,Yes,6/26/2025,Found on survey
6/26/2025,TBS,Matapalo-Murcielago-Puentes-Murcielago Pond-Matapalo-Chichico-Numa,MUPO-01,"O,J,JP",8:01 PM,10:51 PM,SK75,Colubridae,Siphlophis,cervinus,Panama_Spotted_Nightsnake,9:21 PM,S 00º38.3023' W 076º08.6042' ,Jacob,76,92.4,2.6,U,Varzea,30,cloudy,no wind,no_mammals,lizards,NA,S,Survey,Yes,6/26/2025,Found on survey
6/29/2025,TBS,Matapalo-Numa-Matapalo-Connector-Numa-Chichico-Matapalo-Numa,MAPO-02,"O,J,JP",8:08 PM,11:03 PM,SK79,Colubridae,Imantodes,cenchoa,Common_Blunt-headed_Tree_Snake,8:15 PM,S 00º38.2085' W 076º08.8991' ,Owen,76.6,96.8,2,U,Terrafirme,6,cloudy,no wind,no_mammals,lizards,NA,M,Survey,Yes,6/29/2025,Found on survey
6/29/2025,TBS,Matapalo-Numa-Matapalo-Connector-Numa-Chichico-Matapalo-Numa,NUMA-02,"O,J,JP",8:08 PM,11:03 PM,SK80,Colubridae,Imantodes,cenchoa,Common_Blunt-headed_Tree_Snake,8:42 PM,S 00º38.3188' W 076º08.9059' ,Owen,75.7,93.4,2.4,U,Varzea,6,cloudy,no wind,no_mammals,lizards,NA,M,Survey,Yes,6/29/2025,Found on survey
6/29/2025,TBS,Matapalo-Numa-Matapalo-Connector-Numa-Chichico-Matapalo-Numa,MAPO-06,"O,J,JP",8:08 PM,11:03 PM,SK81,Colubridae,Chironius,fuscus,Brown_Sipo,10:44 PM,S 00º38.4088' W 076º08.9141' ,Owen,74.8,96.9,2.2,U,Terrafirme,6,cloudy,no wind,mixed,frogs,NA,S,Survey,Yes,6/29/2025,Found on survey
6/18/2025,YRS,Mirador,NA,"O,J,Vicente,Nora,Dillon,Peter",8:47 PM,10:56 PM,NA,NA,NA,NA,NA,NA,NA,NA,NA,NA,NA,NA,NA,24,partly cloudy,no wind,NA,NA,no snakes,NA,Survey,Yes,6/18/2025,Found on survey
7/14/2025,YRS,Mirador,MIRA-04,"O,J,JP",8:34 PM,10:56 PM,SK97,Colubridae,Imantodes,cenchoa,Common_Blunt-headed_Tree_Snake,9:06 PM,S 00º40.5160' W 076º23.1245',Owen,76.1,97.5,3.8,U,Varzea,24,cloudy,no wind,no_mammals,lizards,NA,M,Survey,Yes,7/14/2025,Found on survey
7/14/2025,YRS,Mirador,MIRA-01,"O,J,JP",8:34 PM,10:56 PM,SK98,Colubridae,Imantodes,cenchoa,Common_Blunt-headed_Tree_Snake,10:53 PM,S 00º40.4650' W 076º23.7655',Owen,76.3,97.7,2.5,U,Varzea,24,cloudy,no wind,no_mammals,lizards,NA,M,Survey,Yes,7/14/2025,Found on survey
6/12/2024,TBS,NA,Matapalo-Torre 1,NA,NA,NA,OESK01,Colubridae,Chironius,multiventris,South_American_Sipo,1:32 PM,S 00°38.2242' W 076°08.7647',Owen McCool,NA,NA,NA,G,Terrafirme,6,cloudy,no wind,no_mammals,frogs,NA,NA,OE,Yes,NA,scouting for fruiting trees
6/15/2024,TBS,NA,Matapalo-Harpia,NA,NA,NA,TPSK01,Colubridae,Unknown,NA,Unknown,9:35 AM,S 00°38.2153' W 076°08.8683',Sam Rettke,NA,NA,NA,G,Terrafirme,6,cloudy,no wind,NA,NA,NA,NA,TPE,Yes,NA,seaarching for monkeys
6/15/2024,TBS,NA,Guacamayo ,NA,NA,NA,TPSK02,Colubridae,Chironius,multiventris,South_American_Sipo,9:55 AM,S 00°38.0881' W 076°09.1744',Therese Lamperty,NA,NA,NA,G,Terrafirme,6,partly cloudy,no wind,no_mammals,frogs,NA,NA,TPE,Yes,NA,collecting seeds
6/15/2024,TBS,NA,Torre 1,NA,NA,NA,TPSK03,Colubridae,Dipsas,catesbyi,Catesby's_Snail_Eater,11:30 AM,S 00°38.2682' W 076°08.7494',Kelly's Students,NA,NA,NA,C,Terrafirme,12,cloudy,no wind,no_mammals,arthropods,NA,NA,TPE,Yes,NA,student group hike
6/18/2024,TBS,NA,Camp by Lab,NA,NA,NA,OESK02,Colubridae,Chironius,scurrula,Wagler's_Sipo,2:26 PM,S 00°38.2224' W 076°09.0022',Owen McCool,83.2,83.4,NA,G,Terrafirme,36,clear,felt on face,no_mammals,frogs,NA,NA,OE,Yes,NA,by chance walking around lab
6/18/2024,TBS,NA,River Dock,NA,NA,NA,TPSK04,Colubridae,Helicops,pastazae,Shreve's_Keelback,2:39 PM,S 00°38.2918' W 076°08.9560',Mike Ellis,74.2,84.8,NA,G,Varzea,36,clear,no wind,no_mammals,fish,NA,NA,TPE,Yes,NA,birding at dock
6/18/2024,TBS,NA,Camp by Dining Hall,NA,NA,NA,OESK03,Colubridae,Oxyrhopus,occipitalis,Yellow-headed_Flame_Snake,7:03 PM,S 00°38.2868' W 076°08.9572',Owen McCool,76.6,97.7,NA,G,Terrafirme,42,clear,no wind,mixed,mixed,NA,NA,OE,Yes,NA,by chance walking to dinner
6/22/2024,TBS,NA,Danta,NA,NA,NA,TPSK05,Colubridae,Xenoxybelis,argenteus,Striped_Sharpnose_Snake,7:58 AM,S 00°38.279' W 076°09.244',Amy Doherty,NA,NA,NA,U,Varzea,18,clear,no wind,no_mammals,lizards,NA,NA,TPE,Yes,NA,work retreat group hike
6/22/2024,TBS,NA,Puma Plot Westernmost Transect,NA,NA,NA,TPSK06,Colubridae,Chironius,multiventris,South_American_Sipo,3:45 PM,S 00°37.4420' W 076°09.7280',Sam Rettke,NA,NA,NA,G,Terrafirme,24,clear,no wind,no_mammals,frogs,NA,NA,TPE,Yes,NA,seaarching for monkeys
6/26/2024,YRS,NA,Canal by Block C,NA,NA,NA,OESK04,Boidae,Eunectes,murinus,Green_Anaconda,12:54 PM,S 00°40.4336' W 076°23.8879',Owen McCool,78.6,82.8,NA,G,Varzea,0,rain,felt on face,mostly_mammals,mammals,NA,NA,OE,Yes,NA,by chance walking to lunch
6/28/2024,YRS,NA,Ceiba,NA,NA,NA,TPSK07,Viperidae,Bothrops,atrox,Common_Lancehead,10:18 PM,S 00°40.5000' W 076°23.8015',Dimitri,NA,NA,NA,G,Varzea,48,partly cloudy,no wind,mixed,frogs,NA,NA,TPE,Yes,NA,student group hike
6/29/2024,YRS,NA,Southwest Corner Forest Plot,NA,NA,NA,TPSK08,Colubridae,Atractus,spp,Ground_Snakes,11:42 AM,S 00°41.1156' W 076°24.2471',Peter,NA,NA,NA,G,Terrafirme,6,clear,no wind,no_mammals,arthropods,NA,NA,TPE,Yes,NA,forest plot research
6/28/2024,YRS,NA,Botanico,NA,NA,NA,TPSK11,Colubridae,Oxyrhopus,occipitalis,Yellow-headed_Flame_Snake,10:13 PM,S 00°40.5194' W 076°23.9051',Benjamin,NA,NA,NA,U,Terrafirme,36,clear,no wind,mixed,mixed,NA,NA,TPE,Yes,NA,student group hike
6/28/2024,YRS,NA,Botanico,NA,NA,NA,TPSK09,Colubridae,Imantodes,cenchoa,Blunt-headed_Tree_Snake,10:14 PM,S 00°40.5189' W 076°23.9035',Mateo,NA,NA,NA,U,Terrafirme,36,clear,no wind,no_mammals,lizards,NA,NA,TPE,Yes,NA,student group hike
6/28/2024,YRS,NA,Maxus Road,NA,NA,NA,TPSK10,Colubridae,Tantilla,melanocephala,Black-headed_Snake,4:15 PM,S 00°40.836' W 076°23.6814',Sophia,NA,NA,NA,G,Terrafirme,6,clear,no wind,no_mammals,arthropods,NA,NA,TPE,Yes,NA,going for run on road
6/27/2024,TBS,NA,Guacamayo ,NA,NA,NA,TPSK12,Boidae,Epicrates,cenchria,Western_Rainbow_Boa,10:30 AM,S 00°37.9756' W 076°09.7962,Sam Rettke,NA,NA,NA,G,Terrafirme,6,cloudy,no wind,mostly_mammals,mammals,NA,NA,TPE,No,NA,searching for monkeys
6/11/2024,YRS,NA,Central Forest Plot,NA,NA,NA,TPSK13,Colubridae,Drymarchon,corais,Yellowtail_Cribo,9:30 AM,S 00°40.9783' W 076°24.0218,Kai,NA,NA,NA,G,Terrafirme,6,clear,no wind,mixed,mixed,NA,NA,TPE,No,NA,forest plot research
7/1/2024,YRS,NA,Flooded Roadway by Camp,NA,NA,NA,OESK06,Colubridae,Helicops,angulatus,Brown-banded_Watersnake,7:59 PM,S 00°40.4118' W 076°23.8843',Owen McCool,NA,NA,NA,G,Varzea,6,cloudy,branches move,no_mammals,fish,NA,NA,OE,Yes,NA,intentionally searching flooded pond at camp
7/1/2024,YRS,NA,Flooded Roadway by Camp,NA,NA,NA,OESK07,Colubridae,Helicops,angulatus,Brown-banded_Watersnake,8:54 PM,S 00°40.4306' W 076°23.8885',Owen McCool,NA,NA,NA,G,Varzea,6,cloudy,branches move,no_mammals,fish,NA,NA,OE,Yes,NA,intentionally searching flooded pond at camp
7/2/2024,YRS,NA,South Edge Forest Plot,NA,NA,NA,OESK05,Colubridae,Drymarchon,corais,Yellowtail_Cribo,11:22 AM,S 00°41.1420' W 076°24.1726',Owen McCool,NA,NA,NA,G,Terrafirme,6,cloudy,no wind,mixed,mixed,NA,NA,OE,Yes,NA,setting up seed exclosures 
6/14/2024,YRS,NA,Dining Hall,NA,NA,NA,TPSK14,Colubridae,Leptodeira,approximans,Upper_Amazon_Cat-eyed_Snake,9:40 PM,S 00°40.4526' W 076°23.8446',Aeddon,NA,NA,NA,U,Terrafirme,18,NA,NA,mixed,frogs,NA,NA,TPE,No,NA,by chance walking back from dinner
7/3/2024,YRS,NA,Flooded Roadway by Camp,NA,NA,NA,OESK08,Elapidae,Micrurus,surinamensis,Aquatic_Coralsnake,7:54 PM,S 00°40.4214' W 076°23.9142',Owen McCool,77.9,90.7,NA,G,Varzea,12,cloudy,none,no_mammals,fish,NA,NA,OE,Yes,NA,on way to survey trail
6/29/2024,YRS,NA,Ceiba,NA,NA,NA,TPSK15,Colubridae,Chironius,fuscus,Brown_Sipo,11:00 AM,S 00°40.5252' W 076°23.8014',Diego Martínez,NA,NA,NA,G,Varzea,6,clear,none,mixed,frogs,NA,NA,TPE,Yes,NA,student group hike
7/4/2024,YRS,NA,Napo-Bariso Intersection,NA,NA,NA,TPSK16,Colubridae,Unknown,NA,Unknown,9:15 AM,S 00°40.421' W 076°24.122',Mike Ellis,NA,NA,NA,G,Terrafirme,6,cloudy,no wind,NA,NA,NA,NA,TPE,Yes,NA,birding on trail
7/7/2024,YRS,NA,Flooded Forest by Camp,NA,NA,NA,OESK09,Boidae,Epicrates,cenchria,Western_Rainbow_Boa,7:48 PM,S 00°40.4154' W 076°23.8938',Owen McCool,NA,NA,NA,G,Varzea,12,clear,no wind,mostly_mammals,mammals,NA,NA,OE,Yes,NA,Owen's night walk for fun
7/11/2024,TBS,NA,Flooded Pond by Camp,NA,NA,NA,OESK10,Colubridae,Helicops,angulatus,Brown-banded_Watersnake,11:10 PM,S 00°38.2674' W 076°09.0096',Owen McCool,NA,NA,NA,G,Varzea,6,partly cloudy,no wind,no_mammals,fish,NA,NA,OE,Yes,NA,Owen's night walk for fun
7/12/2024,YRS,NA,Ceiba,NA,NA,NA,TPSK17,Colubridae,Siphlophis,cervinus,Panama_Spotted_Nightsnake,9:07 PM,S 00°40.596' W 076°23.722',Aeddon,NA,NA,NA,U,Terrafirme,6,cloudy,no wind,no_mammals,lizards,NA,NA,TPE,No,NA,student group hike
7/15/2024,TBS,NA,Flooded Pond by Camp,NA,NA,NA,OESK11,Colubridae,Helicops,angulatus,Brown-banded_Watersnake,12:16 AM,S 00°38.2686' W 076°09.0174',Owen McCool,NA,NA,NA,G,Varzea,12,clear,no wind,no_mammals,fish,NA,NA,OE,Yes,NA,intentionally searching flooded pond at camp
7/15/2024,TBS,NA,Flooded Pond by Camp,NA,NA,NA,OESK12,Colubridae,Helicops,angulatus,Brown-banded_Watersnake,12:17 AM,S 00°38.2664' W 076°09.0138',Owen McCool,NA,NA,NA,G,Varzea,12,clear,no wind,no_mammals,fish,NA,NA,OE,Yes,NA,intentionally searching flooded pond at camp
7/15/2024,TBS,NA,Camp by Lab,NA,NA,NA,OESK13,Colubridae,Oxyrhopus,petolarius,Forest_Flame_Snake,12:29 AM,S 00°38.2284' W 076°08.9976',Owen McCool,NA,NA,NA,U,Terrafirme,12,clear,no wind,mixed,mixed,NA,NA,OE,Yes,NA,by chance walking back to cabin
7/16/2024,TBS,NA,Flooded Pond by Camp,NA,NA,NA,OESK14,Colubridae,Erythrolamprus,aesculapii,Aesculapian_False_Coralsnake,12:11 AM,S 00°38.2668' W 076°09.0162',Owen McCool,NA,NA,NA,G,Varzea,24,clear,no wind,no_mammals,snakes,NA,NA,OE,Yes,NA,intentionally searching flooded pond at camp
7/16/2024,TBS,NA,Flooded Pond by Camp,NA,NA,NA,OESK15,Colubridae,Helicops,angulatus,Brown-banded_Watersnake,10:14 PM,S 00°38.2596' W 076°09.0360',Owen McCool,NA,NA,NA,G,Varzea,24,clear,no wind,no_mammals,fish,NA,NA,OE,Yes,NA,intentionally searching flooded pond at camp
6/20/2024,YRS,NA,SW Corner Forest Plot,NA,NA,NA,TPSK18,Colubridae,Xenoxybelis,argenteus,Striped_Sharpnose_Snake,11:00 AM,S 00°41.0757' W 076°24.1521',Aeddon,NA,NA,NA,U,Terrafirme,18,cloudy,no wind,no_mammals,lizards,NA,NA,TPE,No,NA,forest plot research
6/24/2024,YRS,NA,Maxus Road,NA,NA,NA,TPSK19,Colubridae,Oxyrhopus,vanidicus,Impostor_Flame_Snake,3:30 PM,S 00°40.880' W 076°23.482',Therese Lamperty,NA,NA,NA,G,Terrafirme,24,clear,no wind,mixed,mixed,NA,NA,TPE,Yes,NA,going for run on road
7/18/2024,TBS,NA,Puma Plot  ,NA,NA,NA,TPSK20,Colubridae,Xenoxybelis,argenteus,Striped_Sharpnose_Snake,3:30 PM,S 00°37.4622' W 076°09.4478',Jacqie,NA,NA,NA,U,Terrafirme,18,cloudy,no wind,no_mammals,lizards,NA,NA,TPE,Yes,NA,tree camera trap research
7/19/2024,TBS,NA,Parahuaco,NA,NA,NA,TPSK21,Colubridae,Drymarchon,corais,Yellowtail_Cribo,11:15 AM,S 00°38.6314' W 076°08.4141',Laura,NA,NA,NA,G,Terrafirme,36,partly cloudy,no wind,mixed,mixed,NA,NA,TPE,Yes,NA,primate group research 
7/19/2024,TBS,NA,Near Dock by Dining Hall,NA,NA,NA,OESK16,Colubridae,Xenoxybelis,argenteus,Striped_Sharpnose_Snake,7:56 PM,S0° 38.301' W76° 08.959',Owen McCool,NA,NA,NA,U,Terrafirme,48,cloudy,no wind,no_mammals,lizards,NA,NA,OE,Yes,NA,coming back up from looking at caiman
7/20/2024,TBS,NA,Chorongo,NA,NA,NA,TPSK22,Colubridae,Taeniophallus,brevirostris,Short-nosed_Groundsnake,9:22 AM,S 00°38.1043' W 076°09.0827',Alyssa Cabrera,NA,NA,NA,G,Terrafirme,60,cloudy,no wind,no_mammals,arthropods,NA,NA,TPE,Yes,NA,frugivore survey 
7/21/2024,TBS,NA,Chorongo,NA,NA,NA,TPSK23,Colubridae,Chironius,multiventris,South_American_Sipo,1:30 PM,S 00°38.084' W 076°09.085',Sam Rettke,NA,NA,NA,G,Terrafirme,18,clear,no wind,no_mammals,frogs,NA,NA,TPE,Yes,NA,primate group research 
7/24/2024,YRS,NA,Volleyball court by camp,NA,NA,NA,OESK17,Boidae,Eunectes,murinus,Green_Anaconda,11:00 PM,S 00°40.456' W 076°23.802',Amalia,NA,NA,NA,G,Varzea,72,cloudy,no wind,mostly_mammals,mammals,NA,NA,OE,Yes,NA,herpetologists' routine night walk
7/25/2024,TBS,NA,Inside student cabin,NA,NA,NA,TPSK24,Colubridae,Chironius,multiventris,South_American_Sipo,12:47 PM,S 00°38.216' W 076°09.021',Spencer Andersen,NA,NA,NA,G,Terrafirme,84,partly cloudy,felt on face,no_mammals,frogs,NA,NA,TPE,No,NA,by chance when walking into cabin
7/28/2024,TBS,NA,Roof of lab building,NA,NA,NA,TPSK25,Colubridae,Chironius,multiventris,South_American_Sipo,8:47 AM,S 00°38.227' W 076°08.985',Sam Rettke,NA,NA,NA,U,Terrafirme,156,NA,NA,no_mammals,frogs,NA,NA,TPE,No,NA,seen out window while doing lab work
7/25/2024,YRS,NA,Small dirt path by dock,NA,NA,NA,OESK18,Colubridae,Oxyrhopus,vanidicus,Impostor_Flame_Snake,11:21 PM,S 00°40.453' W 076°23.782',Owen McCool,NA,NA,NA,G,Terrafirme,96,partly cloudy,felt on face,mixed,mixed,NA,NA,OE,Yes,NA,intentionally searching areas aroud camp
7/25/2024,YRS,NA,Flooded Pond by Camp,NA,NA,NA,OESK19,Colubridae,Helicops,angulatus,Brown-banded_Watersnake,11:31 PM,S 00°40.423' W 076°23.909',Owen McCool,NA,NA,NA,G,Varzea,96,partly cloudy,felt on face,no_mammals,fish,NA,NA,OE,Yes,NA,intentionally searching flooded area at camp
7/25/2024,YRS,NA,Flooded Pond by Camp,NA,NA,NA,OESK20,Colubridae,Helicops,angulatus,Brown-banded_Watersnake,11:32 PM,S 00°40.426' W 076°23.911',Owen McCool,NA,NA,NA,G,Varzea,96,partly cloudy,felt on face,no_mammals,fish,NA,NA,OE,Yes,NA,intentionally searching flooded area at camp
7/30/2024,YRS,NA,Flooded canal behind lodgings,NA,NA,NA,OESK21,Colubridae,Oxyrhopus,vanidicus,Impostor_Flame_Snake,9:50 PM,S 00°40.435' W 076°23.875',Owen McCool,NA,NA,NA,G,Varzea,0,rain,none,mixed,mixed,NA,NA,OE,Yes,NA,intentionally searching flooded area at camp
7/29/2024,YRS,NA,Shrub by dock,NA,NA,NA,OESK22,Colubridae,Xenoxybelis,argenteus,Striped_Sharpnose_Snake,11:10 PM,S 00°40.438' W 076°23.780',Owen McCool,NA,NA,NA,U,Terrafirme,30,clear,none,no_mammals,lizards,NA,NA,OE,Yes,NA,by chance while going to photograph Emerald Tree Boa
8/1/2024,YRS,NA,Flooded Pond by Camp,NA,NA,NA,OESK23,Colubridae,Helicops,angulatus,Brown-banded_Watersnake,12:47 AM,S 00°40.427' W 076°23.914',Owen McCool,NA,NA,NA,G,Varzea,24,clear,none,no_mammals,fish,NA,NA,OE,Yes,NA,intentionally searching flooded pond at camp
8/1/2024,YRS,NA,Flooded canal behind lodgings,NA,NA,NA,OESK24,Elapidae,Micrurus,helleri,Western_Ribbon_Coralsnake,10:28 PM,S 00°40.435' W 076°23.869',Owen McCool,NA,NA,NA,G,Varzea,48,clear,none,no_mammals,snakes,NA,NA,OE,Yes,NA,intionally searching flooded area at camp
7/27/2024,TBS,NA,Chichico,NA,NA,NA,TPSK26,Colubridae,Oxyrhopus,occipitalis,Yellow-headed_Flame_Snake,10:02 AM,S 00°38.447' W 076°08.899',Ignacio,NA,NA,NA,G,Terrafirme,132,cloudy,none,mixed,mixed,NA,NA,TPE,No,NA,primate group research 
6/2/2025,TBS,NA,Flooded pond TBS,NA,NA,NA,OESK25,Colubridae,Helicops,angulatus,Brown-banded_Watersnake,8:23 PM,S 00º38.2628' W 076º09.0223',Owen,NA,NA,NA,G,Varzea,6,cloudy,no wind,no_mammals,fish,NA,XS,OE,Yes,NA,intentionally searching areas aroud camp
6/2/2025,TBS,NA,Flooded pond TBS,NA,NA,NA,OESK26,Colubridae,Helicops,angulatus,Brown-banded_Watersnake,8:24 PM,S 00º38.2634' W 076º09.0185',Owen,NA,NA,NA,G,Varzea,6,cloudy,no wind,no_mammals,fish,NA,XS,OE,Yes,NA,intentionally searching areas aroud camp
6/2/2025,TBS,NA,Big tree near lab,NA,NA,NA,OESK27,Colubridae,Imantodes,cenchoa,Common_Blunt-headed_Tree_Snake,9:13 PM,S 00º38.2154' W 076º09.0024',Owen,NA,NA,NA,U,Terrafirme,0,rain,no wind,no_mammals,lizards,NA,M,OE,Yes,NA,intentionally searching areas aroud camp
6/3/2025,TBS,NA,Harpia plot SE corner,NA,NA,NA,OESK28,Viperidae,Bothrocophias,hyoprora,Amazonian_Toadhead,3:06 PM,S 00º38.0492' W 076º08.6576',Owen,NA,NA,NA,G,Terrafirme,12,partly cloudy,no wind,mixed,lizards,NA,S,OE,Yes,NA,by chance doing other fieldwork
6/3/2025,TBS,NA,Entrance of Lago,NA,NA,NA,OESK29,Viperidae,Bothrops,bilineatus,Two-lined_Forest_Pitviper,11:26 PM,S 00º38.2817' W 076º09.0461',Owen,77.8,89.3,NA,U,Varzea,18,partly cloudy,no wind,mixed,mixed,NA,XS,OE,Yes,NA,intentionally searching areas aroud camp
6/3/2025,TBS,NA,Flooded pond TBS,NA,NA,NA,OESK30,Colubridae,Helicops,angulatus,Brown-banded_Watersnake,11:22 PM,S 00º38.2919' W 076º09.0092' ,Owen,NA,NA,NA,G,Varzea,18,partly cloudy,no wind,no_mammals,fish,NA,XS,OE,Yes,NA,intentionally searching areas aroud camp
6/4/2025,TBS,NA,Tiputini river near saladero,NA,NA,NA,TPSK27,Colubridae,Chironius,scurrula,Wagler's_Sipo,10:00 AM,S 00º38.5373' W 076º08.9469',Santiago (Tigre),NA,NA,NA,G,Varzea,6,partly cloudy,no wind,no_mammals,frogs,NA,L,TPE,Yes,NA,by chance on way to saladero
6/4/2025,TBS,NA,Near lower dock,NA,NA,NA,OESK31,Colubridae,Imantodes,cenchoa,Common_Blunt-headed_Tree_Snake,7:58 PM,S 00º38.2759' W 076º09.0052',Owen,74.9,93.3,NA,U,Varzea,6,cloudy,no wind,no_mammals,lizards,NA,S,OE,Yes,NA,by chance waiting for boat to lago trail
6/4/2025,TBS,NA,Anaconda trail,NA,NA,NA,OESK32,Colubridae,Imantodes,cenchoa,Common_Blunt-headed_Tree_Snake,8:46 PM,S 00º38.2076' W 076º09.8542',Owen,80.7,83,NA,U,Varzea,6,cloudy,no wind,no_mammals,lizards,NA,M,OE,Yes,NA,by chance walking between survey segments
6/5/2025,TBS,NA,Near dining hall,NA,NA,NA,TPSK28,Colubridae,Xenoxybelis,argenteus,Striped_Sharpnose_Snake,9:20 PM,S 00º38.2669' W 076º08.9615',Jacob,80.5,80.8,NA,U,Terrafirme,12,cloudy,felt on face,no_mammals,lizards,NA,M,TPE,Yes,NA,intentionally searching areas aroud camp
6/6/2025,TBS,NA,Matapalo-Harpia intersection,NA,NA,NA,TPSK29,Colubridae,Unknown,NA,Unknown,11:00 AM,S 00º38.2126' W 076º08.8860',Keith,NA,NA,NA,G,Terrafirme,0,rain,no wind,NA,NA,NA,S,TPE,Yes,NA,by chance on way back from torre
6/8/2025,TBS,NA,Matapalo-Harpia intersection,NA,NA,NA,TPSK30,Boidae,Epicrates,cenchria,Western_Rainbow_Boa,11:15 AM,S 00º38.1949' W 076º08.8459',Beer,NA,NA,NA,G,Terrafirme,42,clear,no wind,mostly_mammals,mammals,NA,M,TPE,Yes,NA,by chance on walk back from torre
6/9/2025,YRS,NA,Off of Mirador on a plot,NA,NA,NA,TPSK31,Colubridae,Spilotes,pullatus,Tiger_Ratsnake,11:30 AM,S 00º40.5247' W 076º23.6733',Tristan,NA,NA,NA,G,Varzea,12,clear,no wind,mostly_mammals,mammals,NA,M,TPE,Yes,NA,by chance doing other fieldwork
6/9/2025,YRS,NA,Flooded Roadway by Camp,NA,NA,NA,OESK33,Colubridae,Helicops,angulatus,Brown-banded_Watersnake,7:49 PM,S 00º40.4391' W 076º23.9131',Owen,NA,NA,NA,G,Varzea,18,cloudy,no wind,no_mammals,fish,NA,S,OE,Yes,NA,intentionally searching areas aroud camp
6/9/2025,YRS,NA,Small dirt path by dock,NA,NA,NA,OESK34,Boidae,Corallus,hortulanus,Amazon_Tree_Boa,11:39 PM,S 00º40.4705' W 076º23.7432' ,Owen,79.4,90.5,NA,U,Varzea,0,rain,no wind,mostly_mammals,mammals,NA,S,OE,Yes,NA,intentionally searching areas aroud camp
6/11/2025,YRS,NA,Flooded Roadway by Camp,NA,NA,NA,TPSK32,Colubridae,Helicops,angulatus,Brown-banded_Watersnake,9:54 PM,S 00º40.4360' W 076º23.9128',Jacob,NA,NA,NA,G,Varzea,42,cloudy,no wind,no_mammals,fish,NA,S,TPE,Yes,NA,intentionally searching areas aroud camp
6/11/2025,YRS,NA,Flooded canal YRS,NA,NA,NA,TPSK33,Colubridae,Helicops,angulatus,Brown-banded_Watersnake,10:28 PM,S 00º40.4320' W 076º23.8698',Jacob,80,91.2,NA,G,Varzea,42,cloudy,no wind,no_mammals,fish,NA,XS,TPE,Yes,NA,intentionally searching areas aroud camp
6/11/2025,YRS,NA,Off of Mirador on a plot,NA,NA,NA,TPSK34,Colubridae,Imantodes,cenchoa,Common_Blunt-headed_Tree_Snake,10:25 PM,S 00º40.5761' W 076º23.9380',Fenton,NA,NA,NA,U,Terrafirme,42,cloudy,no wind,no_mammals,lizards,NA,M,TPE,Yes,NA,by chance doing other fieldwork
6/12/2025,YRS,NA,Flooded Roadway by Camp,NA,NA,NA,OESK35,Colubridae,Helicops,angulatus,Brown-banded_Watersnake,11:00 PM,S 00º40.4387' W 076º23.9111' ,Owen,NA,NA,NA,G,Varzea,12,clear,no wind,no_mammals,fish,NA,XS,OE,Yes,NA,intentionally searching areas aroud camp
6/13/2025,YRS,NA,On Maxus road,NA,NA,NA,TPSK35,Colubridae,Atractus,elaps,Coral_Ground_Snake,5:00 PM,S 00º40.7480' W 076º24.0075',Vicente,NA,NA,NA,G,Terrafirme,6,partly cloudy,no wind,no_mammals,arthropods,NA,S,TPE,Yes,NA,by doing other fieldwork
6/14/2025,YRS,NA,Off of Gran Ficus on a plot,NA,NA,NA,TPSK36,Colubridae,Drepanoides,anomalus,Black-collared_Snake,10:04 PM,S 00º40.5585' W 076º23.8770',Luke,NA,NA,NA,U,Terrafirme,6,cloudy,no wind,no_mammals,eggs,NA,XS,TPE,Yes,NA,by doing other fieldwork
6/12/2025,TBS,NA,On Rio Tiputini close to dock,NA,NA,NA,TPSK37,Boidae,Eunectes,murinus,Green_Anaconda,2:00 PM,S 00º38.3746' W 076º09.2989',Keith,NA,NA,NA,G,Varzea,6,cloudy,no wind,mostly_mammals,mammals,NA,XL,TPE,No,NA,by chance when doing boat ride
6/16/2025,YRS,NA,On Gawape,NA,NA,NA,TPSK38,Colubridae,Drymarchon,corais,Yellowtail_Cribo,3:39 PM,S 00º40.2773' W 076º23.9719',Nora,NA,NA,NA,G,Varzea,6,cloudy,no wind,mixed,mixed,NA,XL,TPE,Yes,NA,by chance on recreational hike
6/13/2025,TBS,NA,Lago trail,NA,NA,NA,TPSK39,Colubridae,Chironius,scurrula,Wagler's_Sipo,3:30 PM,S 00º38.2637' W 076º09.5944',Beer,NA,NA,NA,G,Varzea,6,cloudy,no wind,no_mammals,frogs,NA,M,TPE,No,NA,by chance on recreational hike
6/19/2025,TBS,NA,Matapalo early on,NA,NA,NA,TPSK40,Colubridae,Unknown,NA,Unknown,2:00 PM,S 00º38.2004' W 076º08.9037',Ashleigh,NA,NA,NA,G,Terrafirme,18,cloudy,no wind,NA,NA,NA,S,TPE,No,NA,by chance doing other fieldwork
6/20/2025,TBS,NA,On trail to comedor,NA,NA,NA,TPSK41,Colubridae,Unknown,NA,Unknown,5:30 AM,S 00º38.2513' W 076º08.9037' ,Kelsey,NA,NA,NA,G,Terrafirme,24,clear,no wind,NA,NA,NA,L,TPE,Yes,NA,by chance on way to dining hall
6/21/2025,TBS,NA,On Numa,NA,NA,NA,OESK36,Colubridae,Pseudoboa,coronata,Crowned_False_Boa,8:07 PM,S 00º38.2817' W 076º08.9391',Owen,80.3,83.4,NA,G,Varzea,24,clear,no wind,mixed,frogs,NA,M,OE,Yes,NA,by chance on way to survey
6/22/2025,TBS,NA,On Chichico,NA,NA,NA,OESK37,Colubridae,Imantodes,cenchoa,Common_Blunt-headed_Tree_Snake,12:14 AM,S 00º38.3840' W 076º08.9160',Owen,NA,NA,NA,U,Varzea,24,clear,no wind,no_mammals,lizards,NA,M,OE,Yes,NA,by chance on way back from survey
6/22/2025,TBS,NA,Lago,NA,NA,NA,TPSK42,Colubridae,Chironius,multiventris,South_American_Sipo,10:29 PM,S 00º38.2671' W 076º09.4885',Jacob,NA,NA,NA,U,Varzea,48,clear,no wind,no_mammals,frogs,NA,M,TPE,Yes,NA,by chance on recreational hike
6/22/2025,TBS,NA,Lago,NA,NA,NA,TPSK43,Boidae,Epicrates,cenchria,Western_Rainbow_Boa,11:00 PM,S 00º38.2543' W 076º09.5229',Jacob,NA,NA,NA,U,Varzea,48,clear,no wind,mostly_mammals,mammals,NA,M,TPE,Yes,NA,by chance on recreational hike
6/23/2025,TBS,NA,Off Puma trail,NA,NA,NA,TPSK44,Colubridae,Imantodes,cenchoa,Common_Blunt-headed_Tree_Snake,2:43 PM,S 00º37.9477' W 076º09.3384' ,Katherine,NA,NA,NA,U,Terrafirme,6,partly cloudy,no wind,no_mammals,lizards,NA,XS,TPE,Yes,NA,by chance doing other fieldwork
6/23/2025,TBS,NA,Guacamayo hill,NA,NA,NA,TPSK45,Colubridae,Chironius,multiventris,South_American_Sipo,4:00 PM,S 00º38.0835' W 076º09.1771',Mary,NA,NA,NA,G,Terrafirme,6,partly cloudy,no wind,no_mammals,frogs,NA,M,TPE,Yes,NA,by chance doing other fieldwork
6/24/2025,TBS,NA,Torre,NA,NA,NA,TPSK46,Colubridae,Erythrolamprus,reginae,Royal_Ground_Snake,11:56 AM,S 00º38.2914' W 076º08.8474',Kelsey,NA,NA,NA,G,Terrafirme,24,clear,no wind,no_mammals,frogs,NA,S,TPE,Yes,NA,by chance doing other fieldwork
6/25/2025,TBS,NA,Flooded pond TBS,NA,NA,NA,OESK38,Colubridae,Imantodes,cenchoa,Common_Blunt-headed_Tree_Snake,10:34 PM,S 00º38.2688' W 076º09.0211',Owen,NA,NA,NA,U,Varzea,12,cloudy,no wind,no_mammals,lizards,NA,M,TPE,Yes,NA,intentionally searching areas aroud camp
6/28/2025,TBS,NA,On Rio Tiputini close to dock,NA,NA,NA,TPSK47,Colubridae,Oxybelis,inkaterra,Inkaterra_Vine_Snake,9:30 AM,S 00º38.3835' W 076º08.9542',Hans,NA,NA,NA,G,Varzea,12,cloudy,no wind,no_mammals,lizards,NA,M,TPE,Yes,NA,by chance doing other fieldwork
6/28/2025,YRS,NA,Chorongo,NA,NA,NA,TPSK48,Colubridae,Atractus,major,Greater_Ground_Snake,9:32 PM,S 00º40.6277' W 076º24.4375',Dillon,NA,NA,NA,G,Terrafirme,6,clear,no wind,no_mammals,arthropods,NA,S,TPE,No,NA,by chance on recreational hike
7/5/2025,TBS,NA,Harpia,NA,NA,NA,TPSK49,Boidae,Epicrates,cenchria,Western_Rainbow_Boa,1:12 PM,S 00º38.1308' W 076º08.8134',Ignacio,NA,NA,NA,G,Terrafirme,30,cloudy,no wind,mostly_mammals,mammals,NA,M,TPE,No,NA,by chance doing other fieldwork
7/6/2025,YRS,NA,Near lodges,NA,NA,NA,OESK39,Colubridae,Chironius,scurrula,Wagler's_Sipo,5:40 PM,S 00º40.4379' W 076º23.8788',Owen,NA,NA,NA,G,Varzea,60,clear,no wind,no_mammals,frogs,NA,M,OE,Yes,NA,by chance walking to lodge
7/10/2025,YRS,NA,On Botanico,NA,NA,NA,OESK40,Colubridae,Imantodes,cenchoa,Common_Blunt-headed_Tree_Snake,8:19 PM,S 00º40.4968' W 076º23.9079',Owen,NA,NA,NA,U,Terrafirme,12,cloudy,no wind,no_mammals,lizards,NA,M,OE,Yes,NA,by chance on recreational hike
7/10/2025,YRS,NA,On Ceibha,NA,NA,NA,OESK41,Boidae,Corallus,hortulanus,Amazon_Tree_Boa,9:16 PM,S 00º40.7047' W 076º23.6095',Owen,NA,NA,NA,U,Varzea,12,cloudy,no wind,mostly_mammals,mammals,NA,M,OE,Yes,NA,by chance on recreational hike
7/10/2025,YRS,NA,On Peru,NA,NA,NA,OESK42,Colubridae,Imantodes,cenchoa,Common_Blunt-headed_Tree_Snake,9:54 PM,S 00º40.5976' W 076º23.7206',Owen,NA,NA,NA,U,Terrafirme,12,cloudy,no wind,no_mammals,lizards,NA,S,OE,Yes,NA,by chance on recreational hike
7/11/2025,YRS,NA,Flooded canal YRS,NA,NA,NA,OESK43,Colubridae,Hydrops,triangularis,Triangle_Watersnake,11:09 PM,S 00º40.4353' W 076º23.8669',Owen,NA,NA,NA,G,Varzea,18,cloudy,no wind,no_mammals,fish,NA,S,OE,Yes,NA,intentionally searching areas aroud camp
7/12/2025,YRS,NA,On Maxus road,NA,NA,NA,OESK44,Colubridae,Imantodes,cenchoa,Common_Blunt-headed_Tree_Snake,8:51 PM,S 00º40.7423' W 076º24.0253',Owen,NA,NA,NA,U,Terrafirme,6,cloudy,no wind,no_mammals,lizards,NA,S,OE,Yes,NA,by chance on recreational hike
7/12/2025,YRS,NA,On Tinamou,NA,NA,NA,TPSK50,Colubridae,Unknown,NA,Unknown,10:25 PM,S 00º40.5324' W 076º23.9324',Juan Pablo,NA,NA,NA,G,Varzea,6,cloudy,no wind,NA,NA,NA,M,TPE,Yes,NA,by chance on recreational hike
7/12/2025,YRS,NA,Near YRS dock,NA,NA,NA,OESK45,Colubridae,Chironius,scurrula,Wagler's_Sipo,11:17 PM,S 00º40.4325' W 076º23.7978',Owen,NA,NA,NA,U,Varzea,6,cloudy,no wind,no_mammals,frogs,NA,XS,OE,Yes,NA,intentionally searching areas aroud camp
7/13/2025,YRS,NA,Near YRS dock,NA,NA,NA,OESK46,Colubridae,Chironius,scurrula,Wagler's_Sipo,10:57 PM,S 00º40.4384' W 076º23.8120',Owen,NA,NA,NA,U,Varzea,12,cloudy,no wind,no_mammals,frogs,NA,S,OE,Yes,NA,intentionally searching areas aroud camp
7/13/2025,YRS,NA,Near YRS dock,NA,NA,NA,OESK47,Colubridae,Dipsas,catesbyi,Catesby's_Snail_Eater,11:04 PM,S 00º40.4564' W 076º23.7875',Owen,NA,NA,NA,U,Varzea,12,cloudy,no wind,no_mammals,arthropods,NA,S,OE,Yes,NA,intentionally searching areas aroud camp
6/28/2025,YRS,NA,On Maxus road,NA,NA,NA,TPSK51,Boidae,Corallus,hortulanus,Amazon_Tree_Boa,10:15 PM,S 00º40.6227' W 076º23.8771',Ganto,NA,NA,NA,U,Terrafirme,6,cloudy,no wind,mostly_mammals,mammals,NA,M,TPE,No,NA,by chance on recreational hike
7/15/2025,YRS,NA,On Maxus road,NA,NA,NA,OESK48,Colubridae,Chironius,fuscus,Brown_Sipo,8:18 PM,S 00º40.7375' W 076º24.2460',Owen,76.1,96.1,NA,U,Terrafirme,48,clear,no wind,mixed,frogs,NA,M,OE,Yes,NA,by chance on way to survey
7/1/2025,YRS,NA,On Maxus road,NA,NA,NA,TPSK52,Boidae,Eunectes,murinus,Green_Anaconda,3:15 PM,S 00º40.5372' W 076º25.2477',Carlos (YRS),NA,NA,NA,G,Terrafirme,12,cloudy,no wind,mostly_mammals,mammals,NA,M,TPE,No,NA,by chance driving to Pompeya
7/16/2025,YRS,NA,Forest near Gawape entrance,NA,NA,NA,OESK49,Boidae,Epicrates,cenchria,Western_Rainbow_Boa,10:27 PM,S 00º40.4173' W 076º23.8611',Owen,NA,NA,NA,U,Varzea,6,cloudy,no wind,mostly_mammals,mammals,NA,S,OE,Yes,NA,by chance on way back from survey
7/16/2025,YRS,NA,Forest near Gawape entrance,NA,NA,NA,OESK50,Colubridae,Chironius,fuscus,Brown_Sipo,10:28 PM,S 00º40.4178' W 076º23.8636',Owen ,NA,NA,NA,U,Varzea,6,cloudy,no wind,mixed,frogs,NA,XS,OE,Yes,NA,by chance on way back from survey
6/23/2025,TBS,NA,On cabin,NA,NA,NA,OESK51,Boidae,Corallus,hortulanus,Amazon_Tree_Boa,6:59 AM,S 00º38.2445' W 076º09.0027',Owen,NA,NA,NA,U,Terrafirme,12,cloudy,no wind,mostly_mammals,mammals,NA,S,OE,Yes,NA,by chance hanging around cabins
7/17/2025,YRS,NA,On gym,NA,NA,NA,OESK52,Boidae,Corallus,hortulanus,Amazon_Tree_Boa,9:49 PM,S 00º40.4470' W 076º23.9134',Owen,NA,NA,NA,U,Terrafirme,12,clear,no wind,mostly_mammals,mammals,NA,S,OE,Yes,NA,by chance walking to lab
6/3/2025,TBS,Numa-Chichico,NA,"O,J",8:49 PM,11:05 PM,NA,NA,NA,NA,NA,NA,NA,NA,NA,NA,NA,NA,NA,18,partly cloudy,no wind,NA,NA,no snakes,NA,Survey,Yes,6/3/2025,Found on survey
6/11/2024,TBS,Numa-Chichico-Matapalo-Chichico-Numa,MAPO-06,"O,M,T,A",8:37 PM,11:36 PM,SK0,Colubridae,Xenoxybelis,argenteus,Striped_Sharpnose_Snake,10:14 PM,S 00°38.5950'  W 076°08.7456',Mike,NA,NA,6,U,Varzea,12,cloudy,no wind,no_mammals,lizards,NA,NA,Survey,Yes,6/11/2024,Found on survey
6/11/2024,TBS,Numa-Chichico-Matapalo-Chichico-Numa,NUMA-01,"O,M,T,A",8:37 PM,11:36 PM,SK00,Colubridae,Imantodes,cenchoa,Common_Blunt-headed_Tree_Snake,11:13 PM,S 00°38.3980' W 076°08.9387',Mike,NA,NA,0.5,U,Varzea,12,cloudy,no wind,no_mammals,lizards,NA,NA,Survey,Yes,6/11/2024,Found on survey
7/8/2025,YRS,Pantano-Napo-Bariso-Timatai-Tinamou-Botanico-Gran Ficus-Botanico,PANT-01,"O,J,JP",8:18 PM,10:59 PM,SK93,Colubridae,Dipsas,catesbyi,Catesby's_Snail_Eater,8:21 PM,S 00º40.6780' W 076º23.9675',Owen,75.5,96.8,0,U,Varzea,30,cloudy,no wind,no_mammals,arthropods,NA,S,Survey,Yes,7/8/2025,Found on survey
7/8/2025,YRS,Pantano-Napo-Bariso-Timatai-Tinamou-Botanico-Gran Ficus-Botanico,TINA-02,"O,J,JP",8:18 PM,10:59 PM,SK94,Boidae,Corallus,hortulanus,Amazon_Tree_Boa,9:49 PM,S 00º40.6399' W 076º24.0969',Owen,74.4,97.9,2.3,U,Terrafirme,30,cloudy,no wind,mostly_mammals,mammals,NA,M,Survey,Yes,7/8/2025,Found on survey
7/8/2025,YRS,Pantano-Napo-Bariso-Timatai-Tinamou-Botanico-Gran Ficus-Botanico,TINA-02,"O,J,JP",8:18 PM,10:59 PM,SK95,Colubridae,Xenoxybelis,argenteus,Striped_Sharpnose_Snake,10:08 PM,S 00º40.5641' W 076º23.9839',Owen,76.9,93.9,1.7,U,Terrafirme,30,cloudy,no wind,no_mammals,lizards,NA,M,Survey,Yes,7/8/2025,Found on survey
6/21/2025,TBS,Parahuaco,PARA-01,"O,J,JP",8:43 PM,11:53 PM,SK71,Colubridae,Imantodes,cenchoa,Common_Blunt-headed_Tree_Snake,11:27 PM,S 00º38.7910' W 076º08.5087',Owen,74.5,94.6,4.5,U,Varzea,24,clear,no wind,no_mammals,lizards,NA,M,Survey,Yes,6/21/2025,Found on survey
7/28/2024,YRS,Peru-Ceiba,PERU-01,"O,M",8:27 PM,11:31 PM,SK43,Colubridae,Dendrophidion,dendrophis,Olive_Forest_Racer,10:33 PM,S0° 40.645' W76° 23.570',Mike,76.8,87.3,1.5,U,Terrafirme,6,partly cloudy,felt on face,no_mammals,frogs,NA,NA,Survey,Yes,7/28/2024,Found on survey
7/17/2024,TBS,Puma-Puma Plot,PUMA-01,"O,T",8:14 PM,11:22 PM,SK25,Colubridae,Xenoxybelis,argenteus,Striped_Sharpnose_Snake,8:14 PM,S0° 37.992' W76° 09.323',Owen,74.1,87.4,0.2,U,Terrafirme,6,partly cloudy,no wind,no_mammals,lizards,NA,NA,Survey,Yes,7/17/2024,Found on survey
7/17/2024,TBS,Puma-Puma Plot,PUMA-01,"O,T",8:14 PM,11:22 PM,SK26,Colubridae,Imantodes,cenchoa,Common_Blunt-headed_Tree_Snake,8:16 PM,S0° 37.986' W76° 09.329',Owen,74.1,87.4,1.7,U,Terrafirme,6,partly cloudy,no wind,no_mammals,lizards,NA,NA,Survey,Yes,7/17/2024,Found on survey
7/17/2024,TBS,Puma-Puma Plot,PUPL-01,"O,T",8:14 PM,11:22 PM,SK27,Colubridae,Leptophis,cupreus,Copper_Parrot_Snake,8:58 PM,S0° 37.657' W76° 09.434',Owen,75.3,87.5,0.4,U,Varzea,6,partly cloudy,no wind,no_mammals,frogs,NA,NA,Survey,Yes,7/17/2024,Found on survey
7/17/2024,TBS,Puma-Puma Plot,PUPL-02,"O,T",8:14 PM,11:22 PM,SK28,Colubridae,Dipsas,pavonina,Northern_Snail_Eater,9:17 PM,S0° 37.509' W76° 09.441',Owen,74.8,89.7,1,U,Terrafirme,6,partly cloudy,no wind,no_mammals,arthropods,NA,NA,Survey,Yes,7/17/2024,Found on survey
7/17/2024,TBS,Puma-Puma Plot,PUPL-04,"O,T",8:14 PM,11:22 PM,SK29,Colubridae,Imantodes,cenchoa,Common_Blunt-headed_Tree_Snake,10:07 PM,S0° 37.356' W76° 09.540',Owen,74.1,91,1.6,U,Varzea,6,partly cloudy,no wind,no_mammals,lizards,NA,NA,Survey,Yes,7/17/2024,Found on survey
7/17/2024,TBS,Puma-Puma Plot,PUPL-04,"O,T",8:14 PM,11:22 PM,SK30,Colubridae,Imantodes,cenchoa,Common_Blunt-headed_Tree_Snake,10:13 PM,S0° 37.363' W76° 09.588',Therese,75.2,90.8,2,U,Varzea,6,partly cloudy,no wind,no_mammals,lizards,NA,NA,Survey,Yes,7/17/2024,Found on survey
7/17/2024,TBS,Puma-Puma Plot,PUPL-08,"O,T",8:14 PM,11:22 PM,SK31,Colubridae,Chironius,multiventris,South_American_Sipo,10:43 PM,S0° 37.413' W76° 09.710',Therese,74.6,90.3,0.5,U,Varzea,6,partly cloudy,no wind,no_mammals,frogs,NA,NA,Survey,Yes,7/17/2024,Found on survey
7/20/2024,TBS,Puma-Puma Plot,PUPL-05,"O,T",8:06 PM,11:51 PM,SK35,Colubridae,Imantodes,cenchoa,Common_Blunt-headed_Tree_Snake,10:48 PM,S0° 37.395' W76° 09.666',Owen,74.8,92.1,2.2,U,Varzea,6,cloudy,none,no_mammals,lizards,NA,NA,Survey,Yes,7/20/2024,Found on survey
6/23/2025,TBS,Puma-Puma Plot,PUPL-06,"O,J,JP",8:12 PM,11:04 PM,SK72,Colubridae,Imantodes,cenchoa,Common_Blunt-headed_Tree_Snake,10:58 PM,S 00º37.4050' W 076º09.4948',Juan Pablo,83,82.4,1.4,U,Varzea,12,partly cloudy,no wind,no_mammals,lizards,NA,S,Survey,Yes,6/23/2025,Found on survey
6/30/2025,TBS,Puma-Puma Plot,PUPL-02,"O,J,JP",8:12 PM,11:15 PM,SK82,Boidae,Corallus,hortulanus,Amazon_Tree_Boa,9:21 PM,S 00º37.4896' W 076º09.4514' ,Owen,79.3,92.5,2.8,U,Terrafirme,6,cloudy,no wind,mostly_mammals,mammals,NA,M,Survey,Yes,6/30/2025,Found on survey
7/23/2024,YRS,Tinamou-Napo-Pantano-Botanico-Gran Ficus,NAPO-02,"O,T",8:09 PM,10:46 PM,SK36,Colubridae,Imantodes,cenchoa,Common_Blunt-headed_Tree_Snake,9:21 PM,S0° 40.510' W76° 24.074',Owen,78.9,88.1,0.2,U,Terrafirme,48,partly cloudy,none,no_mammals,lizards,NA,NA,Survey,Yes,7/23/2024,Found on survey
7/23/2024,YRS,Tinamou-Napo-Pantano-Botanico-Gran Ficus,BOTA-03,"O,T",8:09 PM,10:46 PM,SK37,Colubridae,Drepanoides,anomalus,Black-collared_Snake,10:27 PM,S0° 40.543' W76° 23.912',Owen,78.4,88.9,0.4,G,Varzea,48,partly cloudy,none,no_mammals,eggs,NA,NA,Survey,Yes,7/23/2024,Found on survey
7/23/2024,YRS,Tinamou-Napo-Pantano-Botanico-Gran Ficus,BOTA-02,"O,T",8:09 PM,10:46 PM,SK38,Colubridae,Xenoxybelis,argenteus,Striped_Sharpnose_Snake,10:38 PM,S0° 40.544' W76° 23.889',Owen,78.4,89.1,1.6,U,Varzea,48,partly cloudy,none,no_mammals,lizards,NA,NA,Survey,Yes,7/23/2024,Found on survey
8/1/2024,YRS,Tinamou-Napo-Pantano-Botanico-Gran Ficus,TINA-02,"O,T,A",8:07 PM,10:19 PM,SK48,Colubridae,Imantodes,cenchoa,Common_Blunt-headed_Tree_Snake,8:16 PM,S0° 40.540' W76° 23.961',Owen,75.9,90.3,0.2,U,Terrafirme,78,clear,none,no_mammals,lizards,NA,NA,Survey,Yes,8/1/2024,Found on survey
8/1/2024,YRS,Tinamou-Napo-Pantano-Botanico-Gran Ficus,TINA-02,"O,T,A",8:07 PM,10:19 PM,SK49,Colubridae,Dendrophidion,dendrophis,Olive_Forest_Racer,8:17 PM,S0° 40.540' W76° 23.968',Therese,75.9,90.3,2.3,U,Terrafirme,78,clear,none,no_mammals,frogs,NA,NA,Survey,Yes,8/1/2024,Found on survey
8/1/2024,YRS,Tinamou-Napo-Pantano-Botanico-Gran Ficus,TINA-02,"O,T,A",8:07 PM,10:19 PM,SK50,Colubridae,Xenoxybelis,argenteus,Striped_Sharpnose_Snake,8:37 PM,S0° 40.631' W76° 24.021',Owen,74.8,93.3,2.8,U,Terrafirme,78,clear,none,no_mammals,lizards,NA,NA,Survey,Yes,8/1/2024,Found on survey
8/1/2024,YRS,Tinamou-Napo-Pantano-Botanico-Gran Ficus,NAPO-02,"O,T,A",8:07 PM,10:19 PM,SK51,Colubridae,Imantodes,cenchoa,Common_Blunt-headed_Tree_Snake,8:57 PM,S0° 40.582' W76° 24.109',Owen,74.4,93.6,1,U,Terrafirme,78,clear,none,no_mammals,lizards,NA,NA,Survey,Yes,8/1/2024,Found on survey
8/1/2024,YRS,Tinamou-Napo-Pantano-Botanico-Gran Ficus,NAPO-02,"O,T,A",8:07 PM,10:19 PM,SK52,Colubridae,Leptodeira,approximans,Upper_Amazon_Cat-eyed_Snake,9:07 PM,S0° 40.527' W76° 24.065',Owen,75.1,92.9,1.6,U,Terrafirme,78,clear,none,mixed,frogs,NA,NA,Survey,Yes,8/1/2024,Found on survey
7/31/2024,YRS,Torre-Forest Plot North Edge-Forest Plot Interior,TORR-01,"O,M",8:38 PM,11:53 PM,SK46,Colubridae,Imantodes,cenchoa,Common_Blunt-headed_Tree_Snake,9:30 PM,S0° 40.823' W76° 23.200',Owen,77.3,93.3,5,U,Terrafirme,54,clear,none,no_mammals,lizards,NA,NA,Survey,Yes,7/31/2024,Found on survey
7/31/2024,YRS,Torre-Forest Plot North Edge-Forest Plot Interior,FPIN-01,"O,M",8:38 PM,11:53 PM,SK47,Colubridae,Oxyrhopus,vanidicus,Impostor_Flame_Snake,11:29 PM,S0° 40.935' W76° 24.075',Owen,76.7,93.7,1.7,G,Terrafirme,54,clear,none,mixed,mixed,NA,NA,Survey,Yes,7/31/2024,Found on survey
6/15/2025,YRS,Torre-Forest-Plot-Perimeter-Forest-Plot-Interior-Forest-Plot-Perimeter,TORR-01,"O,J,Tristan,Fenton,Nora",8:34 PM,11:24 PM,SK65,Colubridae,Imantodes,cenchoa,Common_Blunt-headed_Tree_Snake,8:53 PM,S 00º40.8292' W 076º23.1092',Owen,77.2,94.4,0.5,U,Terrafirme,6,cloudy,no wind,no_mammals,lizards,NA,M,Survey,Yes,6/15/2025,Found on survey
6/15/2025,YRS,Torre-Forest-Plot-Perimeter-Forest-Plot-Interior-Forest-Plot-Perimeter,TORR-01,"O,J,Tristan,Fenton,Nora",8:34 PM,11:24 PM,SK66,Colubridae,Imantodes,cenchoa,Common_Blunt-headed_Tree_Snake,8:53 PM,S 00º40.8273' W 076º23.1077',Owen,77.2,94.4,0.5,U,Terrafirme,6,cloudy,no wind,no_mammals,lizards,NA,M,Survey,Yes,6/15/2025,Found on survey
6/15/2025,YRS,Torre-Forest-Plot-Perimeter-Forest-Plot-Interior-Forest-Plot-Perimeter,FPIN-01,"O,J,Tristan,Fenton,Nora",8:34 PM,11:24 PM,SK67,Colubridae,Imantodes,cenchoa,Common_Blunt-headed_Tree_Snake,9:56 PM,S 00º40.8953' W 076º23.8034',Owen,76.2,96.2,2,U,Terrafirme,6,cloudy,no wind,no_mammals,lizards,NA,M,Survey,Yes,6/15/2025,Found on survey
7/7/2025,YRS,Torre-Forest-Plot-Perimeter-Forest-Plot-Interior-Forest-Plot-Perimeter,FPIN-01,"O,J,JP",8:26 PM,11:02 PM,SK92,Colubridae,Imantodes,cenchoa,Common_Blunt-headed_Tree_Snake,10:18 PM,S 00º40.9267' W 076º23.9998',Owen,74,94.8,3.5,U,Terrafirme,6,cloudy,felt on face,no_mammals,lizards,NA,M,Survey,Yes,7/7/2025,Found on survey
