Amphibian Survey Data Sheet,,,,,,,,,,,,,,,,,,,,,,,,
Date,Station,Trail_Walked,Segment,Surveyors,Survey_Start_Time,Survey_End_Time,Gross_ID,Animal_ID,Family,Genus,Species,Common_Name,Time_Found_,GPS_Coordinates,Observor,Temperature_at_Time_of_Detection,Humidity_at_Time_of_Detection,Distance_From_Trail_m,Height_of_Individual,Habitat_Type,Time_Window_of_Last_Rain_Event_h,Weather,Wind,Notes
,,,,,,,,,,,,,,,,,,,,,,,,
06/17/24,TBS,Matapalo-Murcielago-Matapalo-Chichico-Numa-Matapalo,MAPO-02,"O,T",8:04 PM,12:11 AM,Frog,FG01,Craugastoridae,Oreobates,quixensis,Common Big-headed Frog,8:07 PM,S 00°38.2004' W 076°08.9390',Owen,81.2,83.3,1,G,Terrafirme,24,clear,no wind,
06/17/24,TBS,Matapalo-Murcielago-Matapalo-Chichico-Numa-Matapalo,MAPO-02,"O,T",8:04 PM,12:11 AM,Frog,FG02,Bufonidae,Rhinella,marina,Cane Toad,8:19 PM,S 00°38.2092' W 076°08.8936',Owen,81.7,85.8,2.75,G,Terrafirme,24,clear,no wind,
06/17/24,TBS,Matapalo-Murcielago-Matapalo-Chichico-Numa-Matapalo,MAPO-03,"O,T",8:04 PM,12:11 AM,Frog,FG03,Microhylidae,Chiasmocleis,bassleri,Bassler's Humming Frog,8:54 PM,S 00°38.2229' W 076°08.7848',Therese,79.8,87.4,0,G,Terrafirme,24,clear,no wind,
06/17/24,TBS,Matapalo-Murcielago-Matapalo-Chichico-Numa-Matapalo,MAPO-03,"O,T",8:04 PM,12:11 AM,Frog,FG04,Bufonidae,Rhaebo,guttatus,Smooth-sided Toad,9:04 PM,S 00°38.2555' W 076°08.7607,Owen,79.7,90.3,0.25,G,Terrafirme,24,clear,no wind,
06/17/24,TBS,Matapalo-Murcielago-Matapalo-Chichico-Numa-Matapalo,MURC-02,"O,T",8:04 PM,12:11 AM,Frog,FG05,Bufonidae,Rhaebo,guttatus,Smooth-sided Toad,9:22 PM,S 00°38.1730' W 076°08.6574',Owen,78.9,88.8,0,G,Terrafirme,24,clear,no wind,
06/17/24,TBS,Matapalo-Murcielago-Matapalo-Chichico-Numa-Matapalo,MAPO-04,"O,T",8:04 PM,12:11 AM,Frog,FG06,Bufonidae,Rhaebo,guttatus,Smooth-sided Toad,9:41 PM,S 00°38.3447' W 076°08.7069',Therese,78.5,91.4,0,G,Varzea,24,clear,no wind,
06/17/24,TBS,Matapalo-Murcielago-Matapalo-Chichico-Numa-Matapalo,MAPO-04,"O,T",8:04 PM,12:11 AM,Frog,FG07,Craugastoridae,Oreobates,quixensis,Common Big-headed Frog,9:54 PM,S 00°38.4141' W 076°08.6687',Owen,78.8,89.7,0.5,G,Terrafirme,24,clear,no wind,
06/17/24,TBS,Matapalo-Murcielago-Matapalo-Chichico-Numa-Matapalo,MAPO-04,"O,T",8:04 PM,12:11 AM,Frog,FG08,Bufonidae,Rhinella,margaritifera,South American Common Toad,9:55 PM,S 00°38.4129' W 076°08.6686',Owen,78.8,89.7,2,U,Terrafirme,24,clear,no wind,
06/17/24,TBS,Matapalo-Murcielago-Matapalo-Chichico-Numa-Matapalo,MAPO-05,"O,T",8:04 PM,12:11 AM,Frog,FG09,Craugastoridae,Oreobates,quixensis,Common Big-headed Frog,10:05 PM,S 00°38.4364' W 076°08.7220',Owen,78.7,89.6,3.5,G,Terrafirme,24,clear,no wind,
06/17/24,TBS,Matapalo-Murcielago-Matapalo-Chichico-Numa-Matapalo,MAPO-06,"O,T",8:04 PM,12:11 AM,Frog,FG10,Craugastoridae,Oreobates,quixensis,Common Big-headed Frog,10:38 PM,S 00°38.4260' W 076°08.8955',Owen,78.8,89,0.75,G,Terrafirme,24,clear,no wind,
06/17/24,TBS,Matapalo-Murcielago-Matapalo-Chichico-Numa-Matapalo,MAPO-06,"O,T",8:04 PM,12:11 AM,Frog,FG11,Craugastoridae,Oreobates,quixensis,Common Big-headed Frog,10:39 PM,S 00°38.4226' W 076°08.8937,Therese,78.8,89,0.5,G,Terrafirme,24,clear,no wind,
06/17/24,TBS,Matapalo-Murcielago-Matapalo-Chichico-Numa-Matapalo,MANU-01,"O,T",8:04 PM,12:11 AM,Frog,FG12,Bufonidae,Rhaebo,guttatus,Smooth-sided Toad,11:44 PM,S 00°38.2345' W 076°08.8586',Owen,77.9,92.5,0,G,Terrafirme,24,clear,no wind,
06/17/24,TBS,Matapalo-Murcielago-Matapalo-Chichico-Numa-Matapalo,MAPO-02,"O,T",8:04 PM,12:11 AM,Frog,FG13,Bufonidae,Rhinella,margaritifera,South American Common Toad,11:56 PM,S 00°38.2160' W 076°08.8766',Owen,77.2,91.6,2.25,U,Varzea,24,clear,no wind,
06/19/24,TBS ,Guacamayo-Puma-Harpia-Chorongo-Guacamayo,GUAC-03,"O,M,Jess,Amy",7:58 PM,10:50 PM,Frog,FG14,Hylidae,Scinax,cruentomma,Manaus Snouted Treefrog,8:03 PM,S 00°38.0862' W 076°09.2701',Owen,76.5,94.2,0.6,U,Terrafirme,6,cloudy,no wind,
06/19/24,TBS ,Guacamayo-Puma-Harpia-Chorongo-Guacamayo,HARP-05,"O,M,Jess,Amy",7:58 PM,10:50 PM,Frog,FG15,Bufonidae,Rhaebo,guttatus,Smooth-sided Toad,9:41 PM,S 00°37.8985' W 076°09.1503',Owen,76.8,91.3,0,G,Terrafirme,6,cloudy,no wind,
06/19/24,TBS ,Guacamayo-Puma-Harpia-Chorongo-Guacamayo,TCHO-01,"O,M,Jess,Amy",7:58 PM,10:50 PM,Frog,FG16,Bufonidae,Rhaebo,guttatus,Smooth-sided Toad,10:03 PM,S 00°37.9639' W 076°09.0316',Mike,76.4,92.1,0,G,Terrafirme,6,cloudy,no wind,
06/19/24,TBS ,Guacamayo-Puma-Harpia-Chorongo-Guacamayo,TCHO-01,"O,M,Jess,Amy",7:58 PM,10:50 PM,Frog,FG17,Leptodactylidae,Engystomops ,petersi,Painted Forest Toadlet,10:09 PM,S 00°38.0157' W 076°09.0436' ,Mike,76.9,92.3,0,G,Varzea,6,cloudy,no wind,
06/19/24,TBS ,Guacamayo-Puma-Harpia-Chorongo-Guacamayo,TCHO-01,"O,M,Jess,Amy",7:58 PM,10:50 PM,Frog,FG18,Centrolenidae,Teratohyla,midas,Santa Cecilia Glass Frog,10:23 PM,S 00°38.0803' W 076°09.0940',Mike,77.4,91.6,2.3,U,Varzea,6,cloudy,no wind,
06/19/24,TBS ,Guacamayo-Puma-Harpia-Chorongo-Guacamayo,TCHO-01,"O,M,Jess,Amy",7:58 PM,10:50 PM,Frog,FG19,Centrolenidae,Teratohyla,midas,Santa Cecilia Glass Frog,10:23 PM,S 00°38.0821' W 076°09.0943',Mike,77.4,91.6,2.6,U,Varzea,6,cloudy,no wind,
06/19/24,TBS ,Guacamayo-Puma-Harpia-Chorongo-Guacamayo,GUAC-01,"O,M,Jess,Amy",7:58 PM,10:50 PM,Frog,FG20,Craugastoridae,Oreobates,quixensis,Common Big-headed Frog,10:40 PM,S 00°38.1647' W 076°09.0439',Owen,76.7,93.1,0,G,Terrafirme,6,cloudy,no wind,
06/19/24,TBS ,Guacamayo-Puma-Harpia-Chorongo-Guacamayo,GUAC-01,"O,M,Jess,Amy",7:58 PM,10:50 PM,Frog,FG21,Leptodactylidae,Engystomops ,petersi,Painted Forest Toadlet,10:45 PM,S 00°38.2000' W 076°09.0371',Owen,76.2,92.6,0,G,Terrafirme,6,cloudy,no wind,
06/21/24*,TBS ,Matapalo-Harpia,MAPO-02,"O,Ramiro",8:11 PM,9:36 PM,Frog,FG22,Bufonidae,Rhinella,margaritifera,South American Common Toad,8:16 PM,S 00°38.2032' W 076°08.9294',Ramiro,76.9,91,0,G,Terrafirme,6,cloudy,no wind,
06/21/24*,TBS ,Matapalo-Harpia,HARP-01,"O,Ramiro",8:11 PM,9:36 PM,Frog,FG23,Craugastoridae,Pristimantis,kichwarum,Jatun Sacha Rain Frog,8:49 PM,S 00°38.1540' W 076°08.8652',Owen,80.4,87.6,1,G,Terrafirme,6,cloudy,no wind,
06/21/24*,TBS ,Matapalo-Harpia,HARP-01,"O,Ramiro",8:11 PM,9:36 PM,Salamander,SL01,Plethodontidae,Bolitoglossa,altamazonica,Amazon Climbing Salamander,9:01 PM,S 00°38.1300' W 076°08.9140',Owen,77.6,91.6,0.25,U,Varzea,6,cloudy,no wind,
06/21/24*,TBS ,Matapalo-Harpia,HARP-01,"O,Ramiro",8:11 PM,9:36 PM,Frog,FG24,Hylidae,Boana,calcarata,Convict Tree Frog,9:03 PM,S 00°38.1352' W 076°08.9086',Owen,77.6,91.6,2.5,U,Varzea,6,cloudy,no wind,
06/22/24,TBS ,Anaconda-Lago,LAGO-02,"O,T,Jess,Amy,Adrian",8:06 PM,10:29 PM,Frog,FG25,Hylidae,Osteocephalus,yasuni,Yasuni Spiny-backed Treefrog,8:40 PM,S 00°38.2578' W 076°09.8031' ,Therese,85.5,78.4,0.25,U,Varzea,30,clear,no wind,
06/22/24,TBS ,Anaconda-Lago,LAGO-02,"O,T,Jess,Amy,Adrian",8:06 PM,10:29 PM,Frog,FG26,Hylidae,Boana,geographicans,Map Treefrog,8:48 PM,S 00°38.2519' W 076°09.7582',Jess,84.1,81.5,0.25,U,Varzea,30,clear,no wind,
06/22/24,TBS ,Anaconda-Lago,LAGO-02,"O,T,Jess,Amy,Adrian",8:06 PM,10:29 PM,Frog,FG27,Leptodactylidae,Leptodactylus,pentadactylus,Smoky Jungle Frog,8:59 PM,S 00°38.2534' W 076°09.6517',Jess,84.5,81.2,2.3,G,Varzea,30,clear,no wind,
06/22/24,TBS ,Anaconda-Lago,LAGO-02,"O,T,Jess,Amy,Adrian",8:06 PM,10:29 PM,Frog,FG28,Hylidae,Osteocephalus,yasuni,Yasuni Spiny-backed Treefrog,9:04 PM,S 00°38.2625' W 076°09.6166',Adrian,82.9,81.4,1.5,U,Varzea,30,clear,no wind,
06/22/24,TBS ,Anaconda-Lago,LAGO-01,"O,T,Jess,Amy,Adrian",8:06 PM,10:29 PM,Frog,FG29,Hylidae,Dendropsophus,bifurcus,Upper Amazon Tree Frog,10:26 PM,S 00°38.2684' W 076°09.0186',Jess,80,84.8,5,U,Varzea,30,clear,no wind,
06/22/24,TBS ,Anaconda-Lago,LAGO-01,"O,T,Jess,Amy,Adrian",8:06 PM,10:29 PM,Frog,FG30,Craugastoridae,Pristimantis,conspicillatus,Chirping Robber Frog,10:28 PM,S 00°38.2726' W 076°09.0142',Owen,80,84.8,2,G,Varzea,30,clear,no wind,
06/23/24,TBS,Matapalo-Murcielago-Puentes-Murcielago Pond-Puentes-Murcielago-Matapalo,PUEN-01,"O,M,Ramiro",8:00 PM,10:36 PM,Frog,FG31,Bufonidae,Rhinella,margaritifera,South American Common Toad,8:39 PM,S 00°38.2279' W 076°08.6273',Ramiro,81,88.5,0.1,G,Terrafirme,54,clear,no wind,
06/23/24,TBS,Matapalo-Murcielago-Puentes-Murcielago Pond-Puentes-Murcielago-Matapalo,PUEN-01,"O,M,Ramiro",8:00 PM,10:36 PM,Frog,FG32,Bufonidae,Rhaebo,guttatus,Smooth-sided Toad,8:46 PM,S 00°38.2540' W 076°08.6151',Mike,81,88.5,5.5,G,Varzea,54,clear,no wind,
06/23/24,TBS,Matapalo-Murcielago-Puentes-Murcielago Pond-Puentes-Murcielago-Matapalo,PUEN-01,"O,M,Ramiro",8:00 PM,10:36 PM,Frog,FG33,Bufonidae,Rhinella,margaritifera,South American Common Toad,8:46 PM,S 00°38.2561' W 076°08.6136',Owen,81,88.5,0,G,Varzea,54,clear,no wind,
06/23/24,TBS,Matapalo-Murcielago-Puentes-Murcielago Pond-Puentes-Murcielago-Matapalo,MUPO-01,"O,M,Ramiro",8:00 PM,10:36 PM,Frog,FG34,Hylidae,Boana,calcarata,Convict Treefrog,8:54 PM,S 00°38.2791' W 076°08.6327',Ramiro,80.5,90,0,U,Varzea,54,clear,no wind,
06/23/24,TBS,Matapalo-Murcielago-Puentes-Murcielago Pond-Puentes-Murcielago-Matapalo,MUPO-01,"O,M,Ramiro",8:00 PM,10:36 PM,Frog,FG35,Hylidae,Boana,calcarata,Convict Treefrog,8:54 PM,S 00°38.2821' W 076°08.6256',Ramiro,80.5,90,0.25,U,Varzea,54,clear,no wind,
06/23/24,TBS,Matapalo-Murcielago-Puentes-Murcielago Pond-Puentes-Murcielago-Matapalo,MUPO-01,"O,M,Ramiro",8:00 PM,10:36 PM,Frog,FG36,Hylidae,Dendropsophus,bifurcus,Upper Amazon Tree Frog,8:55 PM,S 00°38.2820' W 076°08.6303',Mike,80.5,90,0.1,U,Varzea,54,clear,no wind,
06/23/24,TBS,Matapalo-Murcielago-Puentes-Murcielago Pond-Puentes-Murcielago-Matapalo,MUPO-01,"O,M,Ramiro",8:00 PM,10:36 PM,Frog,FG37,Hylidae,Boana,calcarata,Convict Treefrog,8:55 PM,S 00°38.2847' W 076°08.6318',Owen,80.5,90,0,U,Varzea,54,clear,no wind,
06/23/24,TBS,Matapalo-Murcielago-Puentes-Murcielago Pond-Puentes-Murcielago-Matapalo,MUPO-01,"O,M,Ramiro",8:00 PM,10:36 PM,Frog,FG38,Hylidae,Boana,calcarata,Convict Treefrog,8:56 PM,S 00°38.2862' W 076°08.6331',Mike,80.5,90,0.25,U,Varzea,54,clear,no wind,
06/23/24,TBS,Matapalo-Murcielago-Puentes-Murcielago Pond-Puentes-Murcielago-Matapalo,MUPO-01,"O,M,Ramiro",8:00 PM,10:36 PM,Frog,FG39,Hylidae,Boana,calcarata,Convict Treefrog,8:58 PM,S 00°38.2862' W 076°08.6307',Ramiro,80.5,90,1.5,U,Varzea,54,clear,no wind,
06/23/24,TBS,Matapalo-Murcielago-Puentes-Murcielago Pond-Puentes-Murcielago-Matapalo,MUPO-01,"O,M,Ramiro",8:00 PM,10:36 PM,Frog,FG40,Hylidae,Phyllomedusa,vaillantii,White-lined Leaf Frog,9:04 PM,S 00°38.2921' W 076°08.6380' ,Ramiro,80.5,90,1,U,Varzea,54,clear,no wind,
06/23/24,TBS,Matapalo-Murcielago-Puentes-Murcielago Pond-Puentes-Murcielago-Matapalo,MUPO-01,"O,M,Ramiro",8:00 PM,10:36 PM,Frog,FG41,Hylidae,Phyllomedusa,vaillantii,White-lined Leaf Frog,9:14 PM,S 00°38.2949' W 076°08.6636' ,Mike,80.5,89,7,U,Varzea,54,clear,no wind,
06/23/24,TBS,Matapalo-Murcielago-Puentes-Murcielago Pond-Puentes-Murcielago-Matapalo,MUPO-01,"O,M,Ramiro",8:00 PM,10:36 PM,Frog,FG42,Hylidae,Boana,calcarata,Convict Treefrog,9:15 PM,S 00°38.2990' W 076°08.6659',Owen,80.5,89,0,U,Varzea,54,clear,no wind,
06/23/24,TBS,Matapalo-Murcielago-Puentes-Murcielago Pond-Puentes-Murcielago-Matapalo,MUPO-01,"O,M,Ramiro",8:00 PM,10:36 PM,Frog,FG43,Hylidae,Boana,calcarata,Convict Treefrog,9:26 PM,S 00°38.2943' W 076°08.6341',Ramiro,80.5,89,1.2,U,Varzea,54,clear,no wind,
06/23/24,TBS,Matapalo-Murcielago-Puentes-Murcielago Pond-Puentes-Murcielago-Matapalo,MUPO-01,"O,M,Ramiro",8:00 PM,10:36 PM,Frog,FG44,Hylidae,Boana,calcarata,Convict Treefrog,9:28 PM,S 00°38.2920' W 076°08.6291' ,Ramiro,79.9,90.5,1.4,U,Varzea,54,clear,no wind,
06/23/24,TBS,Matapalo-Murcielago-Puentes-Murcielago Pond-Puentes-Murcielago-Matapalo,MUPO-01,"O,M,Ramiro",8:00 PM,10:36 PM,Frog,FG45,Hylidae,Phyllomedusa,vaillantii,White-lined Leaf Frog,9:32 PM,S 00°38.2861' W 076°08.6251',Ramiro,79.9,90.5,4,U,Varzea,54,clear,no wind,
06/23/24,TBS,Matapalo-Murcielago-Puentes-Murcielago Pond-Puentes-Murcielago-Matapalo,MUPO-01,"O,M,Ramiro",8:00 PM,10:36 PM,Frog,FG46,Hylidae,Phyllomedusa,vaillantii,White-lined Leaf Frog,9:33 PM,S 00°38.2877' W 076°08.6246',Ramiro,79.9,90.5,4,U,Varzea,54,clear,no wind,
06/23/24,TBS,Matapalo-Murcielago-Puentes-Murcielago Pond-Puentes-Murcielago-Matapalo,MUPO-01,"O,M,Ramiro",8:00 PM,10:36 PM,Frog,FG47,Hylidae,Boana,calcarata,Convict Treefrog,9:38 PM,S 00°38.3012' W 076°08.6123',Ramiro,79.8,91.6,0,U,Varzea,54,clear,no wind,
06/23/24,TBS,Matapalo-Murcielago-Puentes-Murcielago Pond-Puentes-Murcielago-Matapalo,MUPO-01,"O,M,Ramiro",8:00 PM,10:36 PM,Frog,FG48,Craugastoridae,Oreobates,quixensis,Common Big-headed Frog,9:39 PM,S 00°38.3056' W 076°08.6041',Ramiro,79.8,91.6,0,G,Varzea,54,clear,no wind,
06/23/24,TBS,Matapalo-Murcielago-Puentes-Murcielago Pond-Puentes-Murcielago-Matapalo,MUPO-01,"O,M,Ramiro",8:00 PM,10:36 PM,Frog,FG49,Hylidae,Phyllomedusa,vaillantii,White-lined Leaf Frog,9:41 PM,S 00°38.3026' W 076°08.6000' ,Owen,79.8,91.6,3.2,U,Varzea,54,clear,no wind,
06/23/24,TBS,Matapalo-Murcielago-Puentes-Murcielago Pond-Puentes-Murcielago-Matapalo,MUPO-01,"O,M,Ramiro",8:00 PM,10:36 PM,Frog,FG50,Hylidae,Phyllomedusa,vaillantii,White-lined Leaf Frog,9:41 PM,S 00°38.3026' W 076°08.6000' ,Owen,79.8,91.6,4,U,Varzea,54,clear,no wind,
06/23/24,TBS,Matapalo-Murcielago-Puentes-Murcielago Pond-Puentes-Murcielago-Matapalo,MUPO-01,"O,M,Ramiro",8:00 PM,10:36 PM,Frog,FG51,Hylidae,Osteocephalus,yasuni,Yasuni Spiny-backed Treefrog,9:42 PM,S 00°38.3069' W 076°08.6006',Mike,79.8,91.6,0,U,Varzea,54,clear,no wind,
06/23/24,TBS,Matapalo-Murcielago-Puentes-Murcielago Pond-Puentes-Murcielago-Matapalo,MUPO-01,"O,M,Ramiro",8:00 PM,10:36 PM,Frog,FG52,Hylidae,Boana,lanciformis,Basin Tree Frog,9:43 PM,S 00°38.3090' W 076°08.6001',Mike,79.8,91.6,0,G,Varzea,54,clear,no wind,
06/23/24,TBS,Matapalo-Murcielago-Puentes-Murcielago Pond-Puentes-Murcielago-Matapalo,MUPO-01,"O,M,Ramiro",8:00 PM,10:36 PM,Frog,FG53,Craugastoridae,Pristimantis,conspicillatus,Chirping Robber Frog,9:45 PM,S 00°38.3021' W 076°08.6069',Mike,79.8,91.6,0,G,Varzea,54,clear,no wind,
06/23/24,TBS,Matapalo-Murcielago-Puentes-Murcielago Pond-Puentes-Murcielago-Matapalo,MUPO-01,"O,M,Ramiro",8:00 PM,10:36 PM,Frog,FG54,Hylidae,Boana,calcarata,Convict Treefrog,9:45 PM,S 00°38.2845' W 076°08.6213',Owen,79.8,91.6,0.5,U,Varzea,54,clear,no wind,
06/23/24,TBS,Matapalo-Murcielago-Puentes-Murcielago Pond-Puentes-Murcielago-Matapalo,MURC-01,"O,M,Ramiro",8:00 PM,10:36 PM,Frog,FG55,Bufonidae,Rhinella,margaritifera,South American Common Toad,10:02 PM,S 00°38.2096' W 076°08.6617' ,Owen,79.3,90.9,1,G,Varzea,54,clear,no wind,
06/23/24,TBS,Matapalo-Murcielago-Puentes-Murcielago Pond-Puentes-Murcielago-Matapalo,MAPO-03,"O,M,Ramiro",8:00 PM,10:36 PM,Frog,FG56,Bufonidae,Rhaebo,guttatus,Smooth-sided Toad,10:11 PM,S 00°38.2699' W 076°08.7544',Ramiro,78.7,92.5,0,G,Terrafirme,54,clear,no wind,
06/23/24,TBS,Matapalo-Murcielago-Puentes-Murcielago Pond-Puentes-Murcielago-Matapalo,MAPO-03,"O,M,Ramiro",8:00 PM,10:36 PM,Frog,FG57,Hylidae,Boana,geographicans,Map Treefrog,10:16 PM,S 00°38.2776' W 076°08.7974',Mike,78.7,92.1,2.1,U,Terrafirme,54,clear,no wind,
06/27/24,YRS,Chorongo-Kinkajou-Napo-Bariso-Tinamou-Botanico,NAPO-04,"O,T",8:07 PM,11:04 PM,Frog,FG58,Craugastoridae,Pristimantis,altamazonicus,Amazon Rain Frog,9:51 PM,S 00°40.3832' W 076°24.1658',Therese,78.2,86.5,0.1,G,Varzea,12,clear,no wind,
06/27/24,YRS,Chorongo-Kinkajou-Napo-Bariso-Tinamou-Botanico,BARI-01,"O,T",8:07 PM,11:04 PM,Frog,FG59,Craugastoridae,Oreobates,quixensis,Common Big-headed Frog,10:24 PM,S 00°40.4764' W 076°24.0084',Owen,77.4,86.4,0,G,Varzea,12,clear,no wind,
06/27/24,YRS,Chorongo-Kinkajou-Napo-Bariso-Tinamou-Botanico,TINA-01,"O,T",8:07 PM,11:04 PM,Frog,FG60,Craugastoridae,Pristimantis,kichwarum,Jatun Sacha Rain Frog,10:45 PM,S 00°40.5199' W 076°23.9131',Owen,77.8,85.8,0,G,Varzea,12,clear,no wind,
06/27/24,YRS,Chorongo-Kinkajou-Napo-Bariso-Tinamou-Botanico,BOTA-01,"O,T",8:07 PM,11:04 PM,Frog,FG61,Aromobatidae,Allobates,femoralis,Spotted-thighed Poison Frog,11:01 PM,S 00°40.4892' W 076°23.8370',Owen,79.1,85.6,1.3,G,Terrafirme,12,clear,no wind,
06/29/24,YRS,Gawape-Chorongo-Kinkajou-Napo-Tucan-Garza,GAWA-01,"O,M,Dimitri",8:04 PM,11:19 PM,Frog,FG62,Leptodactylidae,Leptodactylus,pentadactylus,Smoky Jungle Frog,8:12 PM,S 00°40.3450' W 076°23.9199',Mike,81.5,88,3.3,G,Varzea,6,clear,no wind,
06/29/24,YRS,Gawape-Chorongo-Kinkajou-Napo-Tucan-Garza,GAWA-02,"O,M,Dimitri",8:04 PM,11:19 PM,Frog,FG63,Hylidae,Boana,appendiculata,Canelos Treefrog,8:41 PM,S 00°40.2029' W 076°23.9533',Mike,79.7,92,10.5,U,Varzea,6,clear,no wind,
06/29/24,YRS,Gawape-Chorongo-Kinkajou-Napo-Tucan-Garza,GAWA-02,"O,M,Dimitri",8:04 PM,11:19 PM,Frog,FG64,Hylidae,Osteocephalus,,Broad-headed Treefrogs,8:45 PM,S 00°40.2059' W 076°23.9749',Mike,79.4,92.3,8.5,U,Varzea,6,clear,no wind,
06/29/24,YRS,Gawape-Chorongo-Kinkajou-Napo-Tucan-Garza,GAWA-02,"O,M,Dimitri",8:04 PM,11:19 PM,Frog,FG65,Hylidae,Osteocephalus,yasuni,Yasuni Spiny-backed Treefrog,8:47 PM,S 00°40.1990' W 076°23.9860' ,Mike,79.4,92.3,2,U,Varzea,6,clear,no wind,
06/29/24,YRS,Gawape-Chorongo-Kinkajou-Napo-Tucan-Garza,GAWA-02,"O,M,Dimitri",8:04 PM,11:19 PM,Frog,FG66,Hylidae,Boana,appendiculata,Canelos Treefrog,8:58 PM,S 00°40.1444' W 076°23.0247' ,Mike,79.5,92.3,1.5,U,Varzea,6,clear,no wind,
06/29/24,YRS,Gawape-Chorongo-Kinkajou-Napo-Tucan-Garza,GAWA-02,"O,M,Dimitri",8:04 PM,11:19 PM,Frog,FG67,Bufonidae,Rhinella,marina,Cane Toad,9:13 PM,S 00°40.1467' W 076°24.0889',Mike,78.5,92.8,5,G,Varzea,12,clear,no wind,
06/29/24,YRS,Gawape-Chorongo-Kinkajou-Napo-Tucan-Garza,GAWA-02,"O,M,Dimitri",8:04 PM,11:19 PM,Frog,FG68,Ranidae,Lithobates,palmipes,Amazon River Frog,9:15 PM,S 00°40.1468' W 076°23.0896',Mike,78.5,92.8,6,G,Varzea,12,clear,no wind,
06/29/24,YRS,Gawape-Chorongo-Kinkajou-Napo-Tucan-Garza,GAWA-02,"O,M,Dimitri",8:04 PM,11:19 PM,Frog,FG69,Leptodactylidae,Leptodactylus,pentadactylus,Smoky Jungle Frog,9:17 PM,S 00°40.1430' W 076°24.1044',Mike,78.5,92.8,10,G,Varzea,12,clear,no wind,
06/29/24,YRS,Gawape-Chorongo-Kinkajou-Napo-Tucan-Garza,GAWA-02,"O,M,Dimitri",8:04 PM,11:19 PM,Frog,FG70,Hylidae,Osteocephalus,,Broad-headed Treefrogs,9:20 PM,S 00°40.1383' W 076°23.1132',Owen,78.5,92.8,7,U,Varzea,12,clear,no wind,
06/29/24,YRS,Gawape-Chorongo-Kinkajou-Napo-Tucan-Garza,GAWA-02,"O,M,Dimitri",8:04 PM,11:19 PM,Frog,FG71,Bufonidae,Rhinella,margaritifera,South American Common Toad,9:23 PM,S 00°40.1381' W 076°24.1266',Mike,78.9,92.3,3,U,Varzea,12,clear,no wind,
06/29/24,YRS,Gawape-Chorongo-Kinkajou-Napo-Tucan-Garza,GAWA-02,"O,M,Dimitri",8:04 PM,11:19 PM,Frog,FG72,Ranidae,Lithobates,palmipes,Amazon River Frog,9:25 PM,S 00°40.1437' W 076°24.1310',Mike,78.9,92.3,2.3,G,Varzea,12,clear,no wind,
06/29/24,YRS,Gawape-Chorongo-Kinkajou-Napo-Tucan-Garza,GAWA-02,"O,M,Dimitri",8:04 PM,11:19 PM,Frog,FG73,Ranidae,Lithobates,palmipes,Amazon River Frog,9:26 PM,S 00°40.1385' W 076°24.1290',Mike,78.9,92.3,4,G,Varzea,12,clear,no wind,
06/29/24,YRS,Gawape-Chorongo-Kinkajou-Napo-Tucan-Garza,GAWA-03,"O,M,Dimitri",8:04 PM,11:19 PM,Frog,FG74,Craugastoridae,Pristimantis,,Rain and Robber Frogs,9:38 PM,S 00°40.0589' W 076°24.1661',Owen,80.3,91.1,0,G,Varzea,12,clear,no wind,
06/29/24,YRS,Gawape-Chorongo-Kinkajou-Napo-Tucan-Garza,GAWA-03,"O,M,Dimitri",8:04 PM,11:19 PM,Frog,FG75,Craugastoridae,Pristimantis,diadematus,Diadem Rain Frog,9:49 PM,S 00°40.0294' W 076°24.2345' ,Owen,79.7,90.2,5.3,G,Varzea,12,clear,no wind,
06/29/24,YRS,Gawape-Chorongo-Kinkajou-Napo-Tucan-Garza,GAWA-03,"O,M,Dimitri",8:04 PM,11:19 PM,Frog,FG76,Bufonidae,Rhinella,marina,Cane Toad,9:50 PM,S 00°40.0304' W 076°24.2385',Mike,79.7,90.2,11,G,Varzea,12,clear,no wind,
06/29/24,YRS,Gawape-Chorongo-Kinkajou-Napo-Tucan-Garza,GAWA-03,"O,M,Dimitri",8:04 PM,11:19 PM,Frog,FG77,Craugastoridae,Pristimantis,diadematus,Diadem Rain Frog,9:52 PM,S 00°40.0279' W 076°24.2534',Mike,79.7,90.2,0,G,Varzea,12,clear,no wind,
06/29/24,YRS,Gawape-Chorongo-Kinkajou-Napo-Tucan-Garza,YCHO-02,"O,M,Dimitri",8:04 PM,11:19 PM,Frog,FG78,Craugastoridae,Oreobates,quixensis,Common Big-headed Frog,10:06 PM,S 00°40.0097' W 076°24.3406',Owen,79,93.3,0,G,Varzea,12,clear,no wind,
06/29/24,YRS,Gawape-Chorongo-Kinkajou-Napo-Tucan-Garza,YCHO-02,"O,M,Dimitri",8:04 PM,11:19 PM,Frog,FG79,Hylidae,Boana,calcarata,Convict Treefrog,10:12 PM,S 00°40.0412' W 076°24.3336',Mike,79.6,92.5,0.5,U,Terrafirme,12,clear,no wind,
06/29/24,YRS,Gawape-Chorongo-Kinkajou-Napo-Tucan-Garza,YCHO-02,"O,M,Dimitri",8:04 PM,11:19 PM,Salamander,SL02,Plethodontidae,Bolitoglossa,altamazonica,Amazon Climbing Salamander,10:28 PM,S 00°40.2083' W 076°24.3153',Owen,79.6,91.9,0.4,U,Terrafirme,12,clear,no wind,
06/29/24,YRS,Gawape-Chorongo-Kinkajou-Napo-Tucan-Garza,YCHO-02,"O,M,Dimitri",8:04 PM,11:19 PM,Frog,FG80,Hylidae,Phyllomedusa,vaillantii,White-lined Leaf Frog,10:37 PM,S 00°40.3025' W 076°24.3482',Owen,79.6,91.9,0,G,Terrafirme,12,clear,no wind,
06/29/24,YRS,Gawape-Chorongo-Kinkajou-Napo-Tucan-Garza,KINK-01,"O,M,Dimitri",8:04 PM,11:19 PM,Frog,FG81,Craugastoridae,Oreobates,quixensis,Common Big-headed Frog,10:41 PM,S 00°40.3100' W 076°24.3071',Owen,78.6,93.1,0,G,Terrafirme,12,clear,no wind,
06/29/24,YRS,Gawape-Chorongo-Kinkajou-Napo-Tucan-Garza,TUCA-01,"O,M,Dimitri",8:04 PM,11:19 PM,Frog,FG82,Hylidae,Boana,,Gladiator Treefrogs,11:06 PM,S 00°40.2506' W 076°24.1032',Mike,77.4,93.5,1.5,U,Terrafirme,12,clear,no wind,
07/02/24,YRS,Forest Plot Perimeter,FPPE-02,"O,T",8:00 PM,11:11 PM,Salamander,SL03,Plethodontidae,Bolitoglossa,altamazonica,Amazon Climbing Salamander,9:33 PM,S 00°40.9673' W 076°24.2658',Owen,81.7,81.2,0.6,U,Varzea,0,rain,no wind,rain on and off throughout survey
07/02/24,YRS,Forest Plot Perimeter,FPPE-02,"O,T",8:00 PM,11:11 PM,Frog,FG83,Hylidae,Boana,appendiculata,Canelos Treefrog,9:50 PM,S 00°41.1395' W 076°23.8387',Owen,79.1,85.4,0.5,U,Terrafirme,6,cloudy,no wind,rain on and off throughout survey
07/03/24,YRS,Ceiba-Peru,CEIB-01,"O,M",8:11 PM,11:07 PM,Frog,FG84,Craugastoridae,Pristimantis,conspicillatus,Chirping Robber Frog,8:17 PM,S 00°40.5602' W 076°23.7482',Owen,77.5,92.4,0,G,Varzea,12,cloudy ,no wind,
07/03/24,YRS,Ceiba-Peru,CEIB-01,"O,M",8:11 PM,11:07 PM,Frog,FG85,Leptodactylidae,Engystomops ,petersi,Painted Forest Toadlet,8:18 PM,S 00°40.5699' W 076°23.7508',Owen,77.5,93,0,G,Terrafirme,12,cloudy ,no wind,
07/03/24,YRS,Ceiba-Peru,PERU-01,"O,M",8:11 PM,11:07 PM,Frog,FG86,Hylidae,Osteocephalus,taurinus,Manaus Spiny-backed Treefrog,8:49 PM,S 00°40.6540' W 076°23.6018',Mike,77.3,93.2,8,C,Terrafirme,12,cloudy ,no wind,
07/03/24,YRS,Ceiba-Peru,PERU-01,"O,M",8:11 PM,11:07 PM,Salamander,SL04,Plethodontidae,Bolitoglossa,altamazonica,Amazon Climbing Salamander,8:54 PM,S 00°40.6516' W 076°23.5802',Owen,77.3,92.3,1.8,U,Terrafirme,12,cloudy ,no wind,
07/03/24,YRS,Ceiba-Peru,PERU-01,"O,M",8:11 PM,11:07 PM,Frog,FG87,Hylidae,Boana,,Gladiator Treefrogs,8:59 PM,S 00°40.6501' W 076°23.5493' ,Mike,77.3,92.3,7,U,Terrafirme,12,cloudy ,no wind,
07/03/24,YRS,Ceiba-Peru,PERU-01,"O,M",8:11 PM,11:07 PM,Frog,FG88,Hylidae,Boana,appendiculata,Canelos Treefrog,9:02 PM,S 00°40.6473' W 076°23.5418',Owen,76.6,94.3,1.3,U,Terrafirme,12,cloudy ,no wind,
07/03/24,YRS,Ceiba-Peru,PERU-02,"O,M",8:11 PM,11:07 PM,Frog,FG89,Bufonidae,Rhinella,margaritifera,South American Common Toad,9:24 PM,S 00°40.5628' W 076°23.4969',Owen,76.4,95.6,0.2,U,Terrafirme,12,cloudy ,no wind,
07/03/24,YRS,Ceiba-Peru,PERU-02,"O,M",8:11 PM,11:07 PM,Frog,FG90,Craugastoridae,Oreobates,quixensis,Common Big-headed Frog,9:30 PM,S 00°40.5643' W 076°23.4545',Mike,76.4,95.6,0.1,G,Terrafirme,12,cloudy ,no wind,
07/03/24,YRS,Ceiba-Peru,PERU-02,"O,M",8:11 PM,11:07 PM,Frog,FG91,Hylidae,Osteocephalus,taurinus,Manaus Spiny-backed Treefrog,9:33 PM,S 00°40.5614' W 076°23.4317',Mike,77.5,92.6,6,C,Terrafirme,12,cloudy ,no wind,
07/03/24,YRS,Ceiba-Peru,PERU-02,"O,M",8:11 PM,11:07 PM,Salamander,SL05,Plethodontidae,Bolitoglossa,altamazonica,Amazon Climbing Salamander,9:41 PM,S 00°40.5550' W 076°23.3798' ,Owen,78.1,92.2,0.5,U,Terrafirme,12,cloudy ,no wind,
07/03/24,YRS,Ceiba-Peru,PERU-02,"O,M",8:11 PM,11:07 PM,Frog,FG92,Bufonidae,Rhinella,margaritifera,South American Common Toad,9:45 PM,S 00°40.5580' W 076°23.3598',Owen,77.4,92.2,8,U,Varzea,12,cloudy ,no wind,
07/03/24,YRS,Ceiba-Peru,PERU-02,"O,M",8:11 PM,11:07 PM,Frog,FG93,Craugastoridae,Oreobates,quixensis,Common Big-headed Frog,9:47 PM,S 00°40.5658' W 076°23.3545',Owen,77.4,92.2,0,G,Varzea,12,cloudy ,no wind,
07/03/24,YRS,Ceiba-Peru,PERU-02,"O,M",8:11 PM,11:07 PM,Frog,FG94,Hylidae,Boana,geographicans,Map Treefrog,9:51 PM,S 00°40.5725' W 076°23.3468',Mike,77.3,93.1,0,G,Varzea,12,cloudy ,no wind,
07/03/24,YRS,Ceiba-Peru,PERU-02,"O,M",8:11 PM,11:07 PM,Frog,FG95,Microhylidae,Chiasmocleis,bassleri,Bassler's Humming Frog,9:55 PM,S 00°40.5751' W 076°23.3224',Owen,77.3,93.1,0,G,Varzea,12,cloudy ,no wind,
07/03/24,YRS,Ceiba-Peru,PERU-02,"O,M",8:11 PM,11:07 PM,Frog,FG96,Craugastoridae,Pristimantis,,Rain and Robber Frogs,9:58 PM,S 00°40.5698' W 076°23.3136',Mike,77.2,93,9,G,Varzea,12,cloudy ,no wind,
07/03/24,YRS,Ceiba-Peru,PERU-02,"O,M",8:11 PM,11:07 PM,Frog,FG97,Hylidae,Osteocephalus,cannatellai,Cannatella's Spiny-backed Frog,10:01 PM,S 00°40.5599' W 076°23.3011',Owen,77.2,93,6.5,U,Varzea,12,cloudy ,no wind,
07/03/24,YRS,Ceiba-Peru,PERU-04,"O,M",8:11 PM,11:07 PM,Frog,FG98,Hylidae,Boana,geographicans,Map Treefrog,10:23 PM,S 00°40.4516' W 076°23.2472',Mike,77,94.8,6,C,Terrafirme,12,cloudy ,no wind,
07/03/24,YRS,Ceiba-Peru,PERU-05,"O,M",8:11 PM,11:07 PM,Frog,FG99,Hylidae,Boana,appendiculata,Canelos Treefrog,10:24 PM,S 00°40.4511' W 076°23.2448',Owen,77,94.8,2,U,Terrafirme,12,cloudy ,no wind,
07/03/24,YRS,Ceiba-Peru,PERU-05,"O,M",8:11 PM,11:07 PM,Frog,FG100,Hylidae,Boana,geographicans,Map Treefrog,10:42 PM,S 00°40.5266' W 076°23.2102',Owen,76.8,94.6,2.5,U,Terrafirme,12,cloudy ,no wind,
07/03/24,YRS,Ceiba-Peru,PERU-05,"O,M",8:11 PM,11:07 PM,Frog,FG101,Leptodactylidae,Leptodactylus,pentadactylus,Smoky Jungle Frog,10:46 PM,S 00°40.5373' W 076°23.1860,Mike,76.8,94.6,5,G,Terrafirme,12,cloudy ,no wind,
07/03/24,YRS,Ceiba-Peru,PERU-05,"O,M",8:11 PM,11:07 PM,Frog,FG102,Hylidae,Boana,lanciformis,Basin Tree Frog,10:55 PM,S 00°40.6108' W 076°23.1784',Owen,77.2,93.8,2.5,U,Varzea,12,cloudy ,no wind,
07/03/24,YRS,Ceiba-Peru,PERU-05,"O,M",8:11 PM,11:07 PM,Frog,FG103,Centrolenidae,Teratohyla,midas,Santa Cecilia Glass Frog,10:57 PM,S 00°40.6133' W 076°23.1803',Owen,77.2,93.8,0,G,Varzea,12,cloudy ,no wind,
07/04/24,YRS,Chorongo-Kinkajou-Napo-Bariso-Tinamou-Botanico,YCHO-01,"O,Sophia",8:12 PM,11:00 PM,Frog,FG104,Leptodactylidae,Engystomops ,petersi,Painted Forest Toadlet,8:26 PM,S 00°40.6601' W 076°24.4109',Sophia,79.6,84.3,0,G,Terrafirme,6,cloudy ,no wind,rain at 9:30 PM for about 30 minutes
07/04/24,YRS,Chorongo-Kinkajou-Napo-Bariso-Tinamou-Botanico,YCHO-01,"O,Sophia",8:12 PM,11:00 PM,Frog,FG105,Leptodactylidae,Engystomops ,petersi,Painted Forest Toadlet,8:39 PM,S 00°40.6070' W 076°24.4604',Sophia,78.9,87.4,0.5,G,Terrafirme,6,cloudy ,no wind,rain at 9:30 PM for about 30 minutes
07/04/24,YRS,Chorongo-Kinkajou-Napo-Bariso-Tinamou-Botanico,YCHO-01,"O,Sophia",8:12 PM,11:00 PM,Salamander,SL06,Plethodontidae,Bolitoglossa,altamazonica,Amazon Climbing Salamander,8:56 PM,S 00°40.5077' W 076°24.4879',Owen,78.3,87,0,U,Terrafirme,0,rain,no wind,rain at 9:30 PM for about 30 minutes
07/04/24,YRS,Chorongo-Kinkajou-Napo-Bariso-Tinamou-Botanico,YCHO-01,"O,Sophia",8:12 PM,11:00 PM,Frog,FG106,Leptodactylidae,Engystomops ,petersi,Painted Forest Toadlet,9:04 PM,S 00°40.4551' W 076°24.4745',Sophia,77.1,93.4,0,G,Varzea,0,rain,no wind,rain at 9:30 PM for about 30 minutes
07/04/24,YRS,Chorongo-Kinkajou-Napo-Bariso-Tinamou-Botanico,YCHO-01,"O,Sophia",8:12 PM,11:00 PM,Frog,FG107,Craugastoridae,Oreobates,quixensis,Common Big-headed Frog,9:12 PM,S 00°40.4175' W 076°24.4429',Owen,77.1,93.4,0.5,G,Terrafirme,6,cloudy ,no wind,rain at 9:30 PM for about 30 minutes
07/04/24,YRS,Chorongo-Kinkajou-Napo-Bariso-Tinamou-Botanico,YCHO-01,"O,Sophia",8:12 PM,11:00 PM,Salamander,SL07,Plethodontidae,Bolitoglossa,altamazonica,Amazon Climbing Salamander,9:26 PM,S 00°40.3553' W 076°24.3710',Owen,77.2,92.1,0.3,U,Varzea,6,cloudy ,no wind,rain at 9:30 PM for about 30 minutes
07/04/24,YRS,Chorongo-Kinkajou-Napo-Bariso-Tinamou-Botanico,NAPO-04,"O,Sophia",8:12 PM,11:00 PM,Frog,FG108,Craugastoridae,Oreobates,quixensis,Common Big-headed Frog,9:57 PM,S 00°40.3666' W 076°24.1781',Sophia,77.9,90.5,0.1,G,Terrafirme,6,cloudy ,no wind,rain at 9:30 PM for about 30 minutes
07/04/24,YRS,Chorongo-Kinkajou-Napo-Bariso-Tinamou-Botanico,BARI-01,"O,Sophia",8:12 PM,11:00 PM,Frog,FG109,Craugastoridae,Oreobates,quixensis,Common Big-headed Frog,10:21 PM,S 00°40.4624' W 076°24.0157',Owen,77.3,90.6,0,G,Varzea,6,cloudy ,no wind,rain at 9:30 PM for about 30 minutes
07/06/24,YRS,Forest Plot Perimeter,FPPE-04,"O,A",8:29 PM,11:28 PM,Frog,FG110,Hylidae,Boana,calcarata,Convict Treefrog,8:36 PM,S 00°40.8547' W 076°23.8310',Alyssa,69,81.8,5,U,Terrafirme,12,clear,no wind,
07/06/24,YRS,Forest Plot Perimeter,FPPE-04,"O,A",8:29 PM,11:28 PM,Frog,FG111,Hylidae,Phyllomedusa,tarsius,Tarsier Leaf Frog,8:38 PM,S 00°40.8576' W 076°23.8357',Alyssa,69,81.8,9,U,Terrafirme,12,clear,no wind,
07/06/24,YRS,Forest Plot Perimeter,FPPE-04,"O,A",8:29 PM,11:28 PM,Frog,FG112,Hylidae,Boana,geographicans,Map Treefrog,8:56 PM,S 00°40.8625' W 076°24.0113',Alyssa,73.2,94.7,1.5,U,Varzea,12,clear,no wind,
07/06/24,YRS,Forest Plot Perimeter,FPPE-04,"O,A",8:29 PM,11:28 PM,Frog,FG113,Hylidae,Boana,,Gladiator Treefrogs,9:04 PM,S 00°40.8631' W 076°24.0694',Alyssa,73.3,95.6,4.5,U,Terrafirme,12,clear,no wind,
07/06/24,YRS,Forest Plot Perimeter,FPPE-02,"O,A",8:29 PM,11:28 PM,Frog,FG114,Hylidae,Boana,appendiculata,Canelos Treefrog,9:42 PM,S 00°41.0484' W 076°24.2642',Owen,72.9,94.6,3,U,Varzea,12,clear,no wind,
07/06/24,YRS,Forest Plot Perimeter,FPPE-02,"O,A",8:29 PM,11:28 PM,Frog,FG115,Craugastoridae,Pristimantis,conspicillatus,Chirping Robber Frog,9:46 PM,S 00°41.1176' W 076°24.2608',Owen,72.8,95.4,0.2,U,Terrafirme,12,clear,no wind,
07/06/24,YRS,Forest Plot Perimeter,FPPE-02,"O,A",8:29 PM,11:28 PM,Frog,FG116,Craugastoridae,Pristimantis,altamazonicus,Amazon Rain Frog,9:53 PM,S 00°41.1379' W 076°24.2655',Alyssa,72.5,94.3,1,U,Varzea,12,clear,no wind,
07/06/24,YRS,Forest Plot Perimeter,FPPE-02,"O,A",8:29 PM,11:28 PM,Salamander,SL08,Plethodontidae,Bolitoglossa,altamazonica,Amazon Climbing Salamander,9:53 PM,S 00°41.1382' W 076°24.2675',Alyssa,72.5,94.3,1,U,Varzea,12,clear,no wind,
07/06/24,YRS,Forest Plot Perimeter,FPPE-02,"O,A",8:29 PM,11:28 PM,Frog,FG117,Dendrobatidae,Ameerega,hahneli,Pale-striped Poison Frog,10:44 PM,S 00°41.1407' W 076°23.8170',Owen,72.4,97.6,1,U,Varzea,12,clear,no wind,
07/06/24,YRS,Forest Plot Perimeter,FPPE-02,"O,A",8:29 PM,11:28 PM,Frog,FG118,Dendrobatidae,Ameerega,bilinguis,Ecuador Poison Frog,11:10 PM,S 00°40.9534' W 076°23.7236',Owen,72.4,97.2,0,G,Varzea,12,clear,no wind,
07/06/24,YRS,Forest Plot Perimeter,FPPE-02,"O,A",8:29 PM,11:28 PM,Frog,FG119,Dendrobatidae,Ameerega,bilinguis,Ecuador Poison Frog,11:17 PM,S 00°40.8899' W 076°23.7076',Owen,71.5,96.1,1,U,Terrafirme,12,clear,no wind,
07/06/24,YRS,Forest Plot Perimeter,FPPE-02,"O,A",8:29 PM,11:28 PM,Frog,FG120,Hylidae,Boana,appendiculata,Canelos Treefrog,11:25 PM,S 00°40.8646' W 076°23.7454',Owen,72.8,95.2,1,U,Terrafirme,12,clear,no wind,
07/08/24,TBS,Matapalo-Murcielago-Puentes-Murcielago Pond-Matapalo-Chichico-Numa,MAPO-03,"O,Ethan",8:01 PM,10:53 PM,Frog,FG121,Bufonidae,Rhaebo,guttatus,Smooth-sided Toad,8:25 PM,S 00°38.2491' W 076°08.7572',Ethan,75.3,88.1,0,G,Varzea,24,clear,no wind,
07/08/24,TBS,Matapalo-Murcielago-Puentes-Murcielago Pond-Matapalo-Chichico-Numa,PUEN-01,"O,Ethan",8:01 PM,10:53 PM,Frog,FG122,Craugastoridae,Oreobates,quixensis,Common Big-headed Frog,9:02 PM,S 00°38.2400' W 076°08.6216',Owen,76.3,84.4,0.5,G,Terrafirme,24,clear,no wind,
07/08/24,TBS,Matapalo-Murcielago-Puentes-Murcielago Pond-Matapalo-Chichico-Numa,MAPO-06,"O,Ethan",8:01 PM,10:53 PM,Frog,FG123,Leptodactylidae,Engystomops ,petersi,Painted Forest Toadlet,10:14 PM,S 00°38.4079' W 076°08.8267',Owen,74.4,88.6,0,G,Terrafirme,24,clear,no wind,
07/08/24,TBS,Matapalo-Murcielago-Puentes-Murcielago Pond-Matapalo-Chichico-Numa,NUMA-01,"O,Ethan",8:01 PM,10:53 PM,Frog,FG124,Craugastoridae,Pristimantis,,Rain and Robber Frogs,10:49 PM,S 00°38.3392' W 076°08.9282',Owen,74.8,88.7,0,G,Varzea,24,clear,no wind,
07/10/24,TBS,Guacamayo-Danta-Lago,GUAC-01,"O,M",8:07 PM,10:58 PM,Frog,FG125,Hylidae,Osteocephalus,yasuni,Yasuni Spiny-backed Treefrog,8:17 PM,S0° 38.143' W76° 09.063',Mike,76.2,93.9,6,U,Varzea,6,clear,no wind,
07/10/24,TBS,Guacamayo-Danta-Lago,GUAC-02,"O,M",8:07 PM,10:58 PM,Frog,FG126,Hylidae,Boana,,Gladiator Treefrogs,8:28 PM,S0° 38.123' W76° 09.126',Owen,75.9,95.6,1.1,U,Terrafirme,6,clear,no wind,
07/10/24,TBS,Guacamayo-Danta-Lago,DANT-01,"O,M",8:07 PM,10:58 PM,Frog,FG127,Craugastoridae,Pristimantis,conspicillatus,Chirping Robber Frog,8:49 PM,S0° 38.087' W76° 09.231',Owen,75.6,95.8,5,U,Varzea,6,clear,no wind,
07/10/24,TBS,Guacamayo-Danta-Lago,DANT-01,"O,M",8:07 PM,10:58 PM,Frog,FG128,Hylidae,Osteocephalus,yasuni,Yasuni Spiny-backed Treefrog,9:12 PM,S0° 38.181' W76° 09.250',Mike,76.2,94.4,7,C,Terrafirme,6,clear,no wind,
07/10/24,TBS,Guacamayo-Danta-Lago,LAGO-01,"O,M",8:07 PM,10:58 PM,Frog,FG129,Hylidae,Osteocephalus,taurinus,Manaus Spiny-backed Treefrog,10:26 PM,S0° 38.364' W76° 09.149',Owen,75.4,93.9,6,U,Varzea,6,clear,no wind,
07/10/24,TBS,Guacamayo-Danta-Lago,LAGO-01,"O,M",8:07 PM,10:58 PM,Frog,FG130,Leptodactylidae,Leptodactylus,knudseni,Knudsen's Thin-toed Frog,10:49 PM,S0° 38.289' W76° 09.052',Mike,76.9,90.5,0.3,G,Varzea,6,partly cloudy,no wind,
07/11/24,TBS,Guacamayo-Puma-Harpia-Chorongo-Guacamayo,PUMA-01,"O,T",8:08 PM,10:57 PM,Frog,FG131,Craugastoridae,Pristimantis,kichwarum,Jatun Sacha Rain Frog,8:46 PM,S0° 37.934' W76° 09.364',Owen,79.1,84.5,1.8,U,Terrafirme,6,partly cloudy,no wind,
07/11/24,TBS,Guacamayo-Puma-Harpia-Chorongo-Guacamayo,PUMA-02,"O,T",8:08 PM,10:57 PM,Frog,FG132,Hylidae,Phyllomedusa,vaillantii,White-lined Leaf Frog,9:30 PM,S0° 37.737' W76° 09.305',Owen,79.7,81.6,5,U,Terrafirme,6,partly cloudy,no wind,
07/11/24,TBS,Guacamayo-Puma-Harpia-Chorongo-Guacamayo,HARP-05,"O,T",8:08 PM,10:57 PM,Salamander,SL09,Plethodontidae,Bolitoglossa,peruviana,Peruvian Climbing Salamander,9:39 PM,S0° 37.752' W76° 09.250',Owen,79.8,80.7,0.1,U,Terrafirme,6,partly cloudy,no wind,
07/14/24,TBS,Harpia Plot-Harpia,HAPL-01,"O,T",8:51 PM,12:05 AM,Frog,FG133,Craugastoridae,Pristimantis,lanthanites,Metallic Robber Frog,8:54 PM,S0° 38.056' W76° 08.692',Therese,76.2,90.4,0,G,Terrafirme,12,clear,no wind,
07/14/24,TBS,Harpia Plot-Harpia,HAPL-01,"O,T",8:51 PM,12:05 AM,Frog,FG134,Strabomantidae,,,Terrestrial-breeding Frogs,9:20 PM,S0° 38.049' W76° 08.516',Therese,78.3,86.4,4.5,G,Varzea,12,clear,no wind,
07/14/24,TBS,Harpia Plot-Harpia,HAPL-01,"O,T",8:51 PM,12:05 AM,Frog,FG135,Hylidae,Osteocephalus,,Broad-headed Treefrogs,9:37 PM,S0° 38.049' W76° 08.435',Owen,78.3,87,6,U,Varzea,12,clear,no wind,
07/14/24,TBS,Harpia Plot-Harpia,HAPL-01,"O,T",8:51 PM,12:05 AM,Frog,FG136,Craugastoridae,Oreobates,quixensis,Common Big-headed Frog,10:23 PM,S0° 37.992' W76° 08.237',Owen,79.1,83.3,1,G,Varzea,12,clear,no wind,
07/14/24,TBS,Harpia Plot-Harpia,HAPL-01,"O,T",8:51 PM,12:05 AM,Frog,FG137,Strabomantidae,,,Terrestrial-breeding Frogs,10:30 PM,S0° 37.994' W76° 08.256',Therese,79.6,81.4,0.5,G,Varzea,12,clear,no wind,
07/14/24,TBS,Harpia Plot-Harpia,HAPL-01,"O,T",8:51 PM,12:05 AM,Frog,FG138,Bufonidae,Rhinella,margaritifera,South American Common Toad,10:43 PM,S0° 37.990' W76° 08.303',Owen,78.7,82.6,4,U,Varzea,12,clear,no wind,
07/14/24,TBS,Harpia Plot-Harpia,HAPL-01,"O,T",8:51 PM,12:05 AM,Frog,FG139,Craugastoridae,Oreobates,quixensis,Common Big-headed Frog,11:27 PM,S0° 37.996' W76° 08.649',Therese,78.3,84.6,0,G,Varzea,12,clear,no wind,
07/14/24,TBS,Harpia Plot-Harpia,HARP-01,"O,T",8:51 PM,12:05 AM,Frog,FG140,Craugastoridae,Oreobates,quixensis,Common Big-headed Frog,11:42 PM,S0° 38.092' W76° 08.768',Owen,81.5,78,0.3,G,Varzea,12,clear,no wind,
07/14/24,TBS,Harpia Plot-Harpia,HARP-01,"O,T",8:51 PM,12:05 AM,Frog,FG141,Craugastoridae,Pristimantis,lanthanites,Metallic Robber Frog,12:04 AM,S0° 38.209' W76° 08.872',Owen,76.2,88.1,8,U,Terrafirme,12,clear,no wind,
07/15/24,TBS,Anaconda-Lago,ANAC-01,"O,M",8:14 PM,11:42 PM,Frog,FG142,Craugastoridae,Oreobates,quixensis,Common Big-headed Frog,8:23 PM,S0° 38.228' W76° 09.868',Mike,75.1,95.5,0.5,U,Varzea,24,clear,no wind,
07/15/24,TBS,Anaconda-Lago,ANAC-01,"O,M",8:14 PM,11:42 PM,Frog,FG143,Hylidae,,,Tree Frogs & Allies,8:29 PM,S0° 38.214' W76° 09.851',Mike,75.1,95.5,8,U,Varzea,24,clear,no wind,
07/15/24,TBS,Anaconda-Lago,ANAC-01,"O,M",8:14 PM,11:42 PM,Frog,FG144,Bufonidae,Rhinella,margaritifera,South American Common Toad,8:35 PM,S0° 38.156' W76° 09.859',Owen,76.3,90.1,0.7,U,Varzea,24,clear,no wind,
07/15/24,TBS,Anaconda-Lago,ANAC-01,"O,M",8:14 PM,11:42 PM,Frog,FG145,Craugastoridae,Pristimantis,kichwarum,Jatun Sacha Rain Frog,8:39 PM,S0° 38.143' W76° 09.868',Owen,75.8,91.3,1.4,U,Varzea,24,clear,no wind,
07/15/24,TBS,Anaconda-Lago,ANAC-01,"O,M",8:14 PM,11:42 PM,Frog,FG146,Leptodactylidae,Leptodactylus,,Neotropical Grass Frogs,8:47 PM,S0° 38.126' W76° 09.885',Mike,75.8,91.2,5,G,Varzea,24,clear,no wind,
07/15/24,TBS,Anaconda-Lago,ANAC-01,"O,M",8:14 PM,11:42 PM,Frog,FG147,Craugastoridae,Oreobates,quixensis,Common Big-headed Frog,8:49 PM,S0° 38.111' W76° 09.889',Owen,75.8,92.9,4,G,Varzea,24,clear,no wind,
07/15/24,TBS,Anaconda-Lago,LAGO-02,"O,M",8:14 PM,11:42 PM,Frog,FG148,Craugastoridae,Oreobates,quixensis,Common Big-headed Frog,9:10 PM,S0° 38.253' W76° 09.756',Mike,75.7,92.4,2,G,Varzea,24,clear,no wind,
07/15/24,TBS,Anaconda-Lago,LAGO-02,"O,M",8:14 PM,11:42 PM,Frog,FG149,Craugastoridae,Oreobates,quixensis,Common Big-headed Frog,9:22 PM,S0° 38.240' W76° 09.681',Owen,74.7,93.6,0.2,G,Varzea,24,clear,no wind,
07/15/24,TBS,Anaconda-Lago,LAGO-02,"O,M",8:14 PM,11:42 PM,Frog,FG150,Bufonidae,Rhinella,margaritifera,South American Common Toad,9:27 PM,S0° 38.253' W76° 09.656',Owen,74.5,92.8,2,U,Varzea,24,clear,no wind,
07/15/24,TBS,Anaconda-Lago,LAGO-02,"O,M",8:14 PM,11:42 PM,Frog,FG151,Craugastoridae,Oreobates,quixensis,Common Big-headed Frog,9:32 PM,S0° 38.263' W76° 09.616',Mike,75,91.3,0,G,Varzea,24,clear,no wind,
07/15/24,TBS,Anaconda-Lago,LAGO-02,"O,M",8:14 PM,11:42 PM,Frog,FG152,Hylidae,Osteocephalus,taurinus,Manaus Spiny-backed Treefrog,9:35 PM,S0° 38.261' W76° 09.611',Mike,75,91.3,3,U,Varzea,24,clear,no wind,
07/15/24,TBS,Anaconda-Lago,LAGO-02,"O,M",8:14 PM,11:42 PM,Frog,FG153,Hylidae,Osteocephalus,planiceps,Flat-headed Spiny-backed Treefrog,9:40 PM,S0° 38.260' W76° 09.589',Mike,75,91.7,3,U,Varzea,24,clear,no wind,
07/15/24,TBS,Anaconda-Lago,LAGO-02,"O,M",8:14 PM,11:42 PM,Frog,FG154,Bufonidae,Rhinella,margaritifera,South American Common Toad,9:43 PM,S0° 38.254' W76° 09.579',Mike,74.5,92.4,1.7,U,Varzea,24,clear,no wind,
07/15/24,TBS,Anaconda-Lago,LAGO-02,"O,M",8:14 PM,11:42 PM,Frog,FG155,Aromobatidae,Allobates,femoralis,Spotted-thighed Poison Frog,9:45 PM,S0° 38.249' W76° 09.572',Owen,74.5,92.4,0,G,Varzea,24,clear,no wind,
07/15/24,TBS,Anaconda-Lago,LAGO-02,"O,M",8:14 PM,11:42 PM,Frog,FG156,Hylidae,Osteocephalus,yasuni,Yasuni Spiny-backed Treefrog,9:53 PM,S0° 38.257' W76° 09.539',Owen,74.8,91.9,5,U,Varzea,24,clear,no wind,
07/15/24,TBS,Anaconda-Lago,LAGO-02,"O,M",8:14 PM,11:42 PM,Frog,FG157,Hylidae,Boana,,Gladiator Treefrogs,9:54 PM,S0° 38.258' W76° 09.534',Mike,74.8,91.9,4,U,Varzea,24,clear,no wind,
07/15/24,TBS,Anaconda-Lago,LAGO-02,"O,M",8:14 PM,11:42 PM,Frog,FG158,Hylidae,Boana,calcarata,Convict Treefrog,9:58 PM,S0° 38.250' W76° 09.524',Owen,74.9,91.3,11.5,U,Varzea,24,clear,no wind,
07/15/24,TBS,Anaconda-Lago,LAGO-02,"O,M",8:14 PM,11:42 PM,Frog,FG159,Craugastoridae,Oreobates,quixensis,Common Big-headed Frog,10:11 PM,S0° 38.288' W76° 09.467',Mike,77.7,86.5,0,G,Varzea,24,clear,no wind,
07/15/24,TBS,Anaconda-Lago,LAGO-02,"O,M",8:14 PM,11:42 PM,Frog,FG160,Hylidae,Osteocephalus,,Broad-headed Treefrogs,10:21 PM,S0° 38.305' W76° 09.429',Mike,77.1,86.5,6.5,U,Varzea,24,clear,no wind,
07/15/24,TBS,Anaconda-Lago,LAGO-02,"O,M",8:14 PM,11:42 PM,Frog,FG161,Hylidae,,,Tree Frogs & Allies,10:41 PM,S0° 38.300' W76° 09.381',Owen,76.6,87,4.5,U,Varzea,24,clear,no wind,
07/15/24,TBS,Anaconda-Lago,LAGO-02,"O,M",8:14 PM,11:42 PM,Frog,FG162,Hylidae,Osteocephalus,yasuni,Yasuni Spiny-backed Treefrog,10:44 PM,S0° 38.294' W76° 09.377',Owen,76.6,87,2,U,Varzea,24,clear,no wind,
07/15/24,TBS,Anaconda-Lago,LAGO-02,"O,M",8:14 PM,11:42 PM,Frog,FG163,Hylidae,Boana,calcarata,Convict Treefrog,11:16 PM,S0° 38.335' W76° 09.228',Owen,75.8,89.5,4,U,Varzea,24,clear,no wind,
07/15/24,TBS,Anaconda-Lago,LAGO-02,"O,M",8:14 PM,11:42 PM,Frog,FG164,Hylidae,Boana,calcarata,Convict Treefrog,11:17 PM,S0° 38.334' W76° 09.233',Mike,75.8,89.5,3,C,Varzea,24,clear,no wind,
07/15/24,TBS,Anaconda-Lago,LAGO-02,"O,M",8:14 PM,11:42 PM,Frog,FG165,Hylidae,Osteocephalus,taurinus,Manaus Spiny-backed Treefrog,11:34 PM,S0° 38.389' W76° 09.246',Mike,74.8,91.1,10.5,U,Varzea,24,clear,no wind,
07/17/24,TBS,Puma-Puma Plot,PUPL-01,"O,T",8:14 PM,11:22 PM,Frog,FG166,Craugastoridae,Pristimantis,altamazonicus,Amazon Rain Frog,8:48 PM,S0° 37.697' W76° 09.429',Owen,75.5,86.1,0.5,U,Terrafirme,6,partly cloudy,no wind,
07/17/24,TBS,Puma-Puma Plot,PUPL-02,"O,T",8:14 PM,11:22 PM,Frog,FG167,Craugastoridae,Oreobates,quixensis,Common Big-headed Frog,9:26 PM,S0° 37.474' W76° 09.445',Owen,74.8,89.7,0.2,G,Terrafirme,6,partly cloudy,no wind,
07/17/24,TBS,Puma-Puma Plot,PUPL-02,"O,T",8:14 PM,11:22 PM,Frog,FG168,Hylidae,Osteocephalus,planiceps,Flat-headed Spiny-backed Treefrog,9:29 PM,S0° 37.462' W76° 09.455',Therese,75.4,88.6,7,U,Terrafirme,6,partly cloudy,no wind,
07/17/24,TBS,Puma-Puma Plot,PUPL-02,"O,T",8:14 PM,11:22 PM,Frog,FG169,Hylidae,Osteocephalus,,Broad-headed Treefrogs,9:31 PM,S0° 37.448' W76° 09.450',Therese,75.4,88.6,8,U,Terrafirme,6,partly cloudy,no wind,
07/17/24,TBS,Puma-Puma Plot,PUPL-04,"O,T",8:14 PM,11:22 PM,Frog,FG170,Craugastoridae,Pristimantis,kichwarum,Jatun Sacha Rain Frog,10:00 PM,S0° 37.360' W76° 09.473',Owen,74.1,91,1.4,U,Varzea,6,partly cloudy,no wind,
07/17/24,TBS,Puma-Puma Plot,PUPL-04,"O,T",8:14 PM,11:22 PM,Frog,FG171,Hylidae,Boana,calcarata,Convict Treefrog,10:04 PM,S0° 37.356' W76° 09.508',Owen,74.1,91,0.4,U,Varzea,6,partly cloudy,no wind,
07/17/24,TBS,Puma-Puma Plot,PUPL-04,"O,T",8:14 PM,11:22 PM,Frog,FG172,Hylidae,Osteocephalus,taurinus,Manaus Spiny-backed Treefrog,10:13 PM,S0° 37.361' W76° 09.588',Owen,75.2,90.8,7,U,Varzea,6,partly cloudy,no wind,
07/17/24,TBS,Puma-Puma Plot,PUPL-07,"O,T",8:14 PM,11:22 PM,Frog,FG173,Craugastoridae,Pristimantis,kichwarum,Jatun Sacha Rain Frog,10:25 PM,S0° 37.370' W76° 09.697',Owen,75,91.6,0.3,G,Varzea,6,partly cloudy,no wind,
07/17/24,TBS,Puma-Puma Plot,PUPL-06,"O,T",8:14 PM,11:22 PM,Frog,FG174,Hylidae,Boana,calcarata,Convict Treefrog,11:07 PM,S0° 37.407' W76° 09.502',Owen,74.8,90.6,0,U,Varzea,6,partly cloudy,no wind,
07/18/24,TBS,Harpia Plot-Harpia-Matapalo,HAPL-01,"O,Brian",8:00 PM,10:50 PM,Frog,FG175,Hylidae,Osteocephalus,planiceps,Flat-headed Spiny-backed Treefrog,8:18 PM,S0° 38.053' W76° 08.518',Brian,82.5,83,1,U,Varzea,24,partly cloudy,felt on face,
07/18/24,TBS,Harpia Plot-Harpia-Matapalo,HAPL-01,"O,Brian",8:00 PM,10:50 PM,Frog,FG176,Craugastoridae,Pristimantis,altamazonicus,Amazon Rain Frog,8:44 PM,S0° 38.040' W76° 08.277',Owen,81.3,83,0,G,Varzea,24,partly cloudy,felt on face,
07/18/24,TBS,Harpia Plot-Harpia-Matapalo,HAPL-01,"O,Brian",8:00 PM,10:50 PM,Frog,FG177,Bufonidae,Rhinella,margaritifera,South American Common Toad,9:37 PM,S0° 37.995' W76° 08.482',Owen,77.5,92.4,2.9,U,Terrafirme,24,partly cloudy,felt on face,
07/18/24,TBS,Harpia Plot-Harpia-Matapalo,HAPL-01,"O,Brian",8:00 PM,10:50 PM,Frog,FG178,Hylidae,Boana,calcarata,Convict Treefrog,9:46 PM,S0° 38.001' W76° 08.571',Owen,77.2,91.8,5,U,Varzea,24,partly cloudy,felt on face,
07/18/24,TBS,Harpia Plot-Harpia-Matapalo,HAPL-01,"O,Brian",8:00 PM,10:50 PM,Frog,FG179,Craugastoridae,Oreobates,quixensis,Common Big-headed Frog,9:52 PM,S0° 37.995' W76° 08.607',Owen,77.2,91.8,0,G,Terrafirme,24,partly cloudy,felt on face,
07/18/24,TBS,Harpia Plot-Harpia-Matapalo,HARP-01,"O,Brian",8:00 PM,10:50 PM,Frog,FG180,Bufonidae,Rhinella,margaritifera,South American Common Toad,10:20 PM,S0° 38.102' W76° 08.781',Brian,77.4,91,0.6,U,Terrafirme,24,partly cloudy,felt on face,
07/20/24,TBS,Puma-Puma Plot,PUMA-01,"O,T",8:06 PM,11:51 PM,Frog,FG181,Craugastoridae,Pristimantis,kichwarum,Jatun Sacha Rain Frog,8:32 PM,S0° 37.777' W76° 09.428',Owen,73,99.8,1,U,Terrafirme,6,cloudy,none,
07/20/24,TBS,Puma-Puma Plot,PUPL-10,"O,T",8:06 PM,11:51 PM,Frog,FG182,Hylidae,Osteocephalus,planiceps,Flat-headed Spiny-backed Treefrog,9:06 PM,S0° 37.595' W76° 09.547',Owen,74,96.4,0.2,U,Terrafirme,6,cloudy,none,
07/20/24,TBS,Puma-Puma Plot,PUPL-02,"O,T",8:06 PM,11:51 PM,Frog,FG183,Hylidae,Osteocephalus,,Broad-headed Treefrogs,9:34 PM,S0° 37.380' W76° 09.448',Therese,73.7,96.8,4.5,U,Terrafirme,6,cloudy,none,
07/20/24,TBS,Puma-Puma Plot,PUPL-04,"O,T",8:06 PM,11:51 PM,Frog,FG184,Hylidae,Phyllomedusa,vaillantii,White-lined Leaf Frog,10:26 PM,S0° 37.353' W76° 09.528',Owen,74,98.3,6,U,Varzea,6,cloudy,none,
07/20/24,TBS,Puma-Puma Plot,PUPL-04,"O,T",8:06 PM,11:51 PM,Frog,FG185,Craugastoridae,Oreobates,quixensis,Common Big-headed Frog,10:38 PM,S0° 37.358' W76° 09.607',Therese,74.5,95.1,0.2,G,Terrafirme,6,cloudy,none,
07/20/24,TBS,Puma-Puma Plot,PUPL-06,"O,T",8:06 PM,11:51 PM,Salamander,SL10,Plethodontidae,Bolitoglossa,peruviana,Peruvian Climbing Salamander,10:56 PM,S0° 37.421' W76° 09.636',Owen,74.8,92.1,0.8,U,Varzea,6,cloudy,none,
07/20/24,TBS,Puma-Puma Plot,PUPL-06,"O,T",8:06 PM,11:51 PM,Frog,FG186,Craugastoridae,Pristimantis,altamazonicus,Amazon Rain Frog,11:11 PM,S0° 37.407' W76° 09.470',Owen,73.5,94.8,0,G,Varzea,6,cloudy,none,
07/20/24,TBS,Puma-Puma Plot,PUPL-11,"O,T",8:06 PM,11:51 PM,Frog,FG187,Dendrobatidae,Ameerega,bilinguis,Ecuador Poison Frog,11:35 PM,S0° 37.674' W76° 09.464',Owen,74.5,96.8,0,G,Terrafirme,6,cloudy,none,
07/23/24,YRS,Tinamou-Napo-Pantano-Botanico-Gran Ficus,TINA-01,"O,T",8:09 PM,10:46 PM,Frog,FG188,Craugastoridae,Pristimantis,,Rain and Robber Frogs,8:13 PM,S0° 40.527' W76° 23.919',Owen,77.6,90.4,0,G,Varzea,48,partly cloudy,none,
07/23/24,YRS,Tinamou-Napo-Pantano-Botanico-Gran Ficus,TINA-02,"O,T",8:09 PM,10:46 PM,Frog,FG189,Bufonidae,Rhinella,margaritifera,South American Common Toad,8:28 PM,S0° 40.584' W76° 23.988',Therese,79.3,86.4,4.5,U,Varzea,48,partly cloudy,none,
07/23/24,YRS,Tinamou-Napo-Pantano-Botanico-Gran Ficus,TINA-02,"O,T",8:09 PM,10:46 PM,Frog,FG190,Hylidae,Osteocephalus,taurinus,Manaus Spiny-backed Treefrog,8:31 PM,S0° 40.597' W76° 23.983',Therese,79.3,86.4,4.7,U,Terrafirme,48,partly cloudy,none,
07/23/24,YRS,Tinamou-Napo-Pantano-Botanico-Gran Ficus,TINA-02,"O,T",8:09 PM,10:46 PM,Frog,FG191,Microhylidae,Chiasmocleis,bassleri,Bassler's Humming Frog,8:33 PM,S0° 40.602' W76° 23.992',Therese,79.1,86.4,0,G,Terrafirme,48,partly cloudy,none,
07/23/24,YRS,Tinamou-Napo-Pantano-Botanico-Gran Ficus,TINA-02,"O,T",8:09 PM,10:46 PM,Frog,FG192,Leptodactylidae,Leptodactylus,knudseni,Knudsen's Thin-toed Frog,8:47 PM,S0° 40.645' W76° 24.057',Owen,79.8,87.1,0,G,Terrafirme,48,partly cloudy,none,
07/23/24,YRS,Tinamou-Napo-Pantano-Botanico-Gran Ficus,TINA-02,"O,T",8:09 PM,10:46 PM,Frog,FG193,Hylidae,Osteocephalus,yasuni,Yasuni Spiny-backed Treefrog,8:52 PM,S0° 40.643' W76° 24.069',Owen,79.5,87.5,7,U,Terrafirme,48,partly cloudy,none,
07/23/24,YRS,Tinamou-Napo-Pantano-Botanico-Gran Ficus,TINA-02,"O,T",8:09 PM,10:46 PM,Salamander,SL11,Plethodontidae,Bolitoglossa,altamazonica,Amazon Climbing Salamander,8:54 PM,S0° 40.641' W76° 24.090',Owen,79.5,87.5,0.1,U,Terrafirme,48,partly cloudy,none,
07/23/24,YRS,Tinamou-Napo-Pantano-Botanico-Gran Ficus,PANT-01,"O,T",8:09 PM,10:46 PM,Frog,FG194,Hylidae,Osteocephalus,,Broad-headed Treefrogs,9:55 PM,S0° 40.681' W76° 23.951',Therese,78.8,91.3,8,U,Varzea,48,partly cloudy,none,
07/23/24,YRS,Tinamou-Napo-Pantano-Botanico-Gran Ficus,BOTA-03,"O,T",8:09 PM,10:46 PM,Frog,FG195,Craugastoridae,Pristimantis,altamazonicus,Amazon Rain Frog,10:13 PM,S0° 40.629' W76° 23.903',Owen,77.4,90.8,3.5,U,Terrafirme,48,partly cloudy,none,
07/23/24,YRS,Tinamou-Napo-Pantano-Botanico-Gran Ficus,GRFI-01,"O,T",8:09 PM,10:46 PM,Frog,FG196,Bufonidae,Rhinella,margaritifera,South American Common Toad,10:44 PM,S0° 40.573' W76° 23.878',Owen,78.4,89.1,4,U,Terrafirme,48,partly cloudy,none,
07/25/24,YRS,Forest Plot North Edge-Forest Plot Interior-Forest Plot North Edge-Torre,FPIN-01,"O,T",8:19 PM,10:44 PM,Frog,FG197,Leptodactylidae,Leptodactylus,knudseni,Knudsen's Thin-toed Frog,8:53 PM,S0° 40.942' W76° 24.065',Owen,81.2,83.5,0.3,G,Terrafirme,96,partly cloudy,felt on face,
07/25/24,YRS,Forest Plot North Edge-Forest Plot Interior-Forest Plot North Edge-Torre,FPIN-01,"O,T",8:19 PM,10:44 PM,Frog,FG198,Leptodactylidae,Leptodactylus,pentadactylus,Smoky Jungle Frog,9:02 PM,S0° 40.928' W76° 23.988',Owen,80.3,84,3,G,Terrafirme,96,partly cloudy,felt on face,
07/25/24,YRS,Forest Plot North Edge-Forest Plot Interior-Forest Plot North Edge-Torre,FPIN-01,"O,T",8:19 PM,10:44 PM,Frog,FG199,Hylidae,Boana,appendiculata,Canelos Treefrog,9:03 PM,S0° 40.929' W76° 23.987',Therese,80.3,84,3.3,U,Terrafirme,96,partly cloudy,felt on face,
07/25/24,YRS,Forest Plot North Edge-Forest Plot Interior-Forest Plot North Edge-Torre,FPIN-01,"O,T",8:19 PM,10:44 PM,Salamander,SL12,Plethodontidae,Bolitoglossa,altamazonica,Amazon Climbing Salamander,9:07 PM,S0° 40.942' W76° 23.954',Owen,80.3,84,0.1,U,Terrafirme,96,partly cloudy,felt on face,
07/25/24,YRS,Forest Plot North Edge-Forest Plot Interior-Forest Plot North Edge-Torre,FPIN-01,"O,T",8:19 PM,10:44 PM,Frog,FG200,Craugastoridae,Pristimantis,,Rain and Robber Frogs,9:29 PM,S0° 40.934' W76° 23.788',Owen,80.9,87.2,0.1,U,Terrafirme,96,partly cloudy,felt on face,
07/26/24,YRS,Gawape-Garza-Tucan-Napo-Kinkajou-Chorongo-Tucan-Gawape,GAWA-01,"O,A",8:02 PM,10:54 PM,Frog,FG201,Ranidae,Lithobates,palmipes,Amazon River Frog,8:11 PM,S0° 40.329' W76° 23.920',Alyssa,77,93,4,G,Varzea,120,clear,no wind,
07/26/24,YRS,Gawape-Garza-Tucan-Napo-Kinkajou-Chorongo-Tucan-Gawape,GAWA-01,"O,A",8:02 PM,10:54 PM,Frog,FG202,Craugastoridae,Pristimantis,kichwarum,Jatun Sacha Rain Frog,8:12 PM,S0° 40.334' W76° 23.938',Alyssa,77,93,0,G,Varzea,120,clear,no wind,
07/26/24,YRS,Gawape-Garza-Tucan-Napo-Kinkajou-Chorongo-Tucan-Gawape,GARZ-01,"O,A",8:02 PM,10:54 PM,Frog,FG203,Hylidae,Osteocephalus,taurinus,Manaus Spiny-backed Treefrog,8:16 PM,S0° 40.328' W76° 24.001',Alyssa,77.1,93.8,6,U,Terrafirme,120,clear,no wind,
07/26/24,YRS,Gawape-Garza-Tucan-Napo-Kinkajou-Chorongo-Tucan-Gawape,GARZ-01,"O,A",8:02 PM,10:54 PM,Frog,FG204,Dendrobatidae,Ameerega,bilinguis,Ecuador Poison Frog,8:26 PM,S0° 40.267' W76° 24.096',Owen,77.5,99.8,0.2,U,Terrafirme,120,clear,no wind,
07/26/24,YRS,Gawape-Garza-Tucan-Napo-Kinkajou-Chorongo-Tucan-Gawape,KINK-01,"O,A",8:02 PM,10:54 PM,Frog,FG205,Hylidae,Osteocephalus,yasuni,Yasuni Spiny-backed Treefrog,8:47 PM,S0° 40.343' W76° 24.227',Owen,77.2,91.5,1.2,U,Terrafirme,120,clear,no wind,
07/26/24,YRS,Gawape-Garza-Tucan-Napo-Kinkajou-Chorongo-Tucan-Gawape,YCHO-02,"O,A",8:02 PM,10:54 PM,Frog,FG206,Hylidae,Osteocephalus,yasuni,Yasuni Spiny-backed Treefrog,9:08 PM,S0° 40.276' W76° 24.346',Owen,78.2,91.2,0.2,U,Terrafirme,120,clear,no wind,
07/26/24,YRS,Gawape-Garza-Tucan-Napo-Kinkajou-Chorongo-Tucan-Gawape,YCHO-02,"O,A",8:02 PM,10:54 PM,Frog,FG207,Hylidae,Osteocephalus,taurinus,Manaus Spiny-backed Treefrog,9:35 PM,S0° 40.013' W76° 24.339',Alyssa,77.5,96.4,5,U,Varzea,120,clear,no wind,
07/26/24,YRS,Gawape-Garza-Tucan-Napo-Kinkajou-Chorongo-Tucan-Gawape,YCHO-02,"O,A",8:02 PM,10:54 PM,Frog,FG208,Bufonidae,Rhinella,margaritifera,South American Common Toad,9:36 PM,S0° 40.015' W76° 24.338',Owen,77.5,96.4,6.7,G,Varzea,120,clear,no wind,
07/26/24,YRS,Gawape-Garza-Tucan-Napo-Kinkajou-Chorongo-Tucan-Gawape,GAWA-03,"O,A",8:02 PM,10:54 PM,Frog,FG209,Hylidae,Boana,lanciformis,Basin Tree Frog,9:56 PM,S0° 40.021' W76° 24.199',Owen,77.4,91.9,3.8,U,Varzea,120,clear,no wind,
07/26/24,YRS,Gawape-Garza-Tucan-Napo-Kinkajou-Chorongo-Tucan-Gawape,GAWA-03,"O,A",8:02 PM,10:54 PM,Frog,FG210,Hylidae,Dendropsophus,marmoratus,Marbled Tree Frog,9:58 PM,S0° 40.018' W76° 24.197',Owen,77.4,91.9,0.1,U,Varzea,120,clear,no wind,
07/26/24,YRS,Gawape-Garza-Tucan-Napo-Kinkajou-Chorongo-Tucan-Gawape,GAWA-03,"O,A",8:02 PM,10:54 PM,Frog,FG211,Craugastoridae,Oreobates,quixensis,Common Big-headed Frog,10:08 PM,S0° 40.091' W76° 24.144',Owen,77,93.1,3.8,U,Varzea,120,clear,no wind,
07/26/24,YRS,Gawape-Garza-Tucan-Napo-Kinkajou-Chorongo-Tucan-Gawape,GAWA-03,"O,A",8:02 PM,10:54 PM,Frog,FG212,Ranidae,Lithobates,palmipes,Amazon River Frog,10:15 PM,S0° 40.138' W76° 24.118',Owen,76.6,94.6,2,G,Varzea,120,clear,no wind,
07/26/24,YRS,Gawape-Garza-Tucan-Napo-Kinkajou-Chorongo-Tucan-Gawape,GAWA-02,"O,A",8:02 PM,10:54 PM,Frog,FG213,Leptodactylidae,Leptodactylus,pentadactylus,Smoky Jungle Frog,10:17 PM,S0° 40.140' W76° 24.095',Alyssa,76.6,94.6,9,G,Varzea,120,clear,no wind,
07/26/24,YRS,Gawape-Garza-Tucan-Napo-Kinkajou-Chorongo-Tucan-Gawape,GAWA-02,"O,A",8:02 PM,10:54 PM,Frog,FG214,Craugastoridae,Pristimantis,altamazonicus,Amazon Rain Frog,10:41 PM,S0° 40.239' W76° 23.933',Owen,76.2,94.3,0,G,Varzea,120,clear,no wind,
07/26/24,YRS,Gawape-Garza-Tucan-Napo-Kinkajou-Chorongo-Tucan-Gawape,GAWA-02,"O,A",8:02 PM,10:54 PM,Frog,FG215,Hylidae,Osteocephalus,taurinus,Manaus Spiny-backed Treefrog,10:44 PM,S0° 40.258' W76° 23.951',Owen,76.2,94.3,0,G,Varzea,120,clear,no wind,
07/28/24,YRS,Peru-Ceiba,PERU-05,"O,M",8:27 PM,11:31 PM,Frog,FG216,Dendrobatidae,Ameerega,bilinguis,Ecuador Poison Frog,8:39 PM,S0° 40.572' W76° 23.180',Owen,75.1,90.6,0.5,U,Varzea,6,partly cloudy,felt on face,
07/28/24,YRS,Peru-Ceiba,PERU-05,"O,M",8:27 PM,11:31 PM,Salamander,SL13,Plethodontidae,Bolitoglossa,altamazonica,Amazon Climbing Salamander,8:41 PM,S0° 40.560' W76° 23.184',Owen,75.1,90.6,0.3,U,Terrafirme,6,partly cloudy,felt on face,
07/28/24,YRS,Peru-Ceiba,PERU-05,"O,M",8:27 PM,11:31 PM,Frog,FG217,Craugastoridae,Pristimantis,conspicillatus,Chirping Robber Frog,8:47 PM,S0° 40.529' W76° 23.208',Owen,77.8,85.6,2.4,U,Terrafirme,6,partly cloudy,felt on face,
07/28/24,YRS,Peru-Ceiba,PERU-05,"O,M",8:27 PM,11:31 PM,Salamander,SL14,Plethodontidae,Bolitoglossa,altamazonica,Amazon Climbing Salamander,8:50 PM,S0° 40.516' W76° 23.221',Owen,78.1,84.5,1.2,U,Terrafirme,6,partly cloudy,felt on face,
07/28/24,YRS,Peru-Ceiba,PERU-03,"O,M",8:27 PM,11:31 PM,Frog,FG218,Hylidae,Osteocephalus,yasuni,Yasuni Spiny-backed Treefrog,9:12 PM,S0° 40.467' W76° 23.268',Mike,75,91.6,0.4,U,Terrafirme,6,partly cloudy,felt on face,
07/28/24,YRS,Peru-Ceiba,PERU-03,"O,M",8:27 PM,11:31 PM,Frog,FG219,Hylidae,Osteocephalus,,Broad-headed Treefrogs,9:21 PM,S0° 40.489' W76° 23.287',Owen ,75.6,89.5,3.1,U,Terrafirme,6,partly cloudy,felt on face,
07/28/24,YRS,Peru-Ceiba,PERU-02,"O,M",8:27 PM,11:31 PM,Frog,FG220,Hylidae,Osteocephalus,taurinus,Manaus Spiny-backed Treefrog,9:38 PM,S0° 40.574' W76° 23.323',Mike,76.1,87.7,9,U,Varzea,6,partly cloudy,felt on face,
07/28/24,YRS,Peru-Ceiba,PERU-02,"O,M",8:27 PM,11:31 PM,Salamander,SL15,Plethodontidae,Bolitoglossa,altamazonica,Amazon Climbing Salamander,9:46 PM,S0° 40.561' W76° 23.357',Mike,76.1,87.7,0.4,U,Terrafirme,6,partly cloudy,felt on face,
07/28/24,YRS,Peru-Ceiba,PERU-02,"O,M",8:27 PM,11:31 PM,Frog,FG221,Hylidae,Osteocephalus,taurinus,Manaus Spiny-backed Treefrog,10:04 PM,S0° 40.562' W76° 23.456',Owen,76.6,87.2,6.5,U,Terrafirme,6,partly cloudy,felt on face,
07/28/24,YRS,Peru-Ceiba,PERU-02,"O,M",8:27 PM,11:31 PM,Salamander,SL16,Plethodontidae,Bolitoglossa,altamazonica,Amazon Climbing Salamander,10:18 PM,S0° 40.583' W76° 23.521',Mike,76.3,87.7,0.2,U,Terrafirme,6,partly cloudy,felt on face,
07/28/24,YRS,Peru-Ceiba,CEIB-01,"O,M",8:27 PM,11:31 PM,Frog,FG222,Bufonidae,Rhinella,margaritifera,South American Common Toad,11:15 PM,S0° 40.573' W76° 23.743',Owen,77.7,85.3,0.6,U,Varzea,6,partly cloudy,felt on face,
07/28/24,YRS,Peru-Ceiba,CEIB-01,"O,M",8:27 PM,11:31 PM,Frog,FG223,Bufonidae,Rhinella,margaritifera,South American Common Toad,11:22 PM,S0° 40.529' W76° 23.774',Owen,77.6,86.2,1.8,U,Terrafirme,6,partly cloudy,felt on face,
07/28/24,YRS,Peru-Ceiba,CEIB-01,"O,M",8:27 PM,11:31 PM,Frog,FG224,Hylidae,Osteocephalus,yasuni,Yasuni Spiny-backed Treefrog,11:29 PM,S0° 40.504' W76° 23.800',Mike,75.3,91.3,1.5,U,Varzea,6,partly cloudy,felt on face,
07/29/24,YRS,Chorongo-Kinkajou-Napo-Bariso-Tinamou-Botanico,YCHO-01,"O,T",8:20 PM,10:48 PM,Salamander,SL17,Plethodontidae,Bolitoglossa,peruviana,Peruvian Climbing Salamander,8:40 PM,S0° 40.669' W76° 24.405',Owen,81.4,86,1,U,Terrafirme,30,clear,none,
07/29/24,YRS,Chorongo-Kinkajou-Napo-Bariso-Tinamou-Botanico,YCHO-01,"O,T",8:20 PM,10:48 PM,Salamander,SL18,Plethodontidae,Bolitoglossa,altamazonica,Amazon Climbing Salamander,8:50 PM,S0° 40.620' W76° 24.446',Owen,80.7,87.2,0.2,U,Varzea,30,clear,none,
07/29/24,YRS,Chorongo-Kinkajou-Napo-Bariso-Tinamou-Botanico,YCHO-01,"O,T",8:20 PM,10:48 PM,Frog,FG225,Leptodactylidae,Engystomops ,petersi,Painted Forest Toadlet,9:18 PM,S0° 40.436' W76° 24.456',Therese,77.9,93.2,0,G,Terrafirme,30,clear,none,
07/29/24,YRS,Chorongo-Kinkajou-Napo-Bariso-Tinamou-Botanico,YCHO-01,"O,T",8:20 PM,10:48 PM,Frog,FG226,Bufonidae,Rhinella,margaritifera,South American Common Toad,9:36 PM,S0° 40.320' W76° 24.354',Owen,77.9,91.7,0.4,U,Terrafirme,30,clear,none,
07/29/24,YRS,Chorongo-Kinkajou-Napo-Bariso-Tinamou-Botanico,KINK-01,"O,T",8:20 PM,10:48 PM,Frog,FG227,Dendrobatidae,Ameerega,bilinguis,Ecuador Poison Frog,9:41 PM,S0° 40.312' W76° 24.323',Therese,77,92.7,0.1,U,Varzea,30,clear,none,
07/29/24,YRS,Chorongo-Kinkajou-Napo-Bariso-Tinamou-Botanico,KINK-01,"O,T",8:20 PM,10:48 PM,Frog,FG228,Craugastoridae,Oreobates,quixensis,Common Big-headed Frog,9:44 PM,S0° 40.311' W76° 24.301',Owen,77.7,95.2,0,G,Varzea,30,clear,none,
07/29/24,YRS,Chorongo-Kinkajou-Napo-Bariso-Tinamou-Botanico,NAPO-04,"O,T",8:20 PM,10:48 PM,Frog,FG229,Craugastoridae,Pristimantis,conspicillatus,Chirping Robber Frog,10:04 PM,S0° 40.391' W76° 24.156',Owen,76.8,93.2,0.1,U,Varzea,30,clear,none,
07/29/24,YRS,Chorongo-Kinkajou-Napo-Bariso-Tinamou-Botanico,BARI-01,"O,T",8:20 PM,10:48 PM,Frog,FG230,Craugastoridae,Pristimantis,kichwarum,Jatun Sacha Rain Frog,10:22 PM,S0° 40.444' W76° 24.025',Owen,77.3,91.5,0,G,Terrafirme,30,clear,none,
07/29/24,YRS,Chorongo-Kinkajou-Napo-Bariso-Tinamou-Botanico,TINA-01,"O,T",8:20 PM,10:48 PM,Frog,FG231,Hylidae,Osteocephalus,,Broad-headed Treefrogs,10:37 PM,S0° 40.524' W76° 23.923',Owen,76.3,92.5,7,U,Varzea,30,clear,none,
07/31/24,YRS,Torre-Forest Plot North Edge-Forest Plot Interior,TORR-01,"O,M",8:38 PM,11:53 PM,Frog,FG232,Craugastoridae,Oreobates,quixensis,Common Big-headed Frog,8:45 PM,S0° 40.721' W76° 23.102',Owen,79.1,89.5,0,G,Varzea,54,clear,none,
07/31/24,YRS,Torre-Forest Plot North Edge-Forest Plot Interior,TORR-01,"O,M",8:38 PM,11:53 PM,Frog,FG233,Hylidae,Boana,geographicans,Map Treefrog,8:46 PM,S0° 40.718' W76° 23.095',Mike,79.1,89.5,1,U,Varzea,54,clear,none,
07/31/24,YRS,Torre-Forest Plot North Edge-Forest Plot Interior,TORR-01,"O,M",8:38 PM,11:53 PM,Frog,FG234,Dendrobatidae,Ameerega,bilinguis,Ecuador Poison Frog,9:29 PM,S0° 40.825' W76° 23.189',Owen,77.1,94.5,0.2,U,Terrafirme,54,clear,none,
07/31/24,YRS,Torre-Forest Plot North Edge-Forest Plot Interior,TORR-01,"O,M",8:38 PM,11:53 PM,Frog,FG235,Dendrobatidae,Ranitomeya,ventrimaculata,Reticulated Poison Frog,9:44 PM,S0° 40.802' W76° 23.249',Owen,77.8,93.4,0.6,U,Terrafirme,54,clear,none,
07/31/24,YRS,Torre-Forest Plot North Edge-Forest Plot Interior,TORR-01,"O,M",8:38 PM,11:53 PM,Frog,FG236,Dendrobatidae,Ranitomeya,ventrimaculata,Reticulated Poison Frog,9:49 PM,S0° 40.798' W76° 23.266',Mike,77.8,93.4,0.1,U,Terrafirme,54,clear,none,
07/31/24,YRS,Torre-Forest Plot North Edge-Forest Plot Interior,TORR-01,"O,M",8:38 PM,11:53 PM,Frog,FG237,Hylidae,Phyllomedusa,vaillantii,White-lined Leaf Frog,9:55 PM,S0° 40.812' W76° 23.288',Mike,80,86,2.5,U,Terrafirme,54,clear,none,
07/31/24,YRS,Torre-Forest Plot North Edge-Forest Plot Interior,FPIN-01,"O,M",8:38 PM,11:53 PM,Salamander,SL19,Plethodontidae,Bolitoglossa,peruviana,Peruvian Climbing Salamander,10:35 PM,S0° 40.913' W76° 23.787',Owen,78.7,89.1,0,U,Terrafirme,54,clear,none,
07/31/24,YRS,Torre-Forest Plot North Edge-Forest Plot Interior,FPIN-01,"O,M",8:38 PM,11:53 PM,Frog,FG238,Leptodactylidae,Leptodactylus,,Neotropical Grass Frogs,11:15 PM,S0° 40.929' W76° 23.987',Owen,76.8,93.1,0,G,Terrafirme,54,clear,none,
07/31/24,YRS,Torre-Forest Plot North Edge-Forest Plot Interior,FPIN-01,"O,M",8:38 PM,11:53 PM,Salamander,SL20,Plethodontidae,Bolitoglossa,altamazonica,Amazon Climbing Salamander,10:59 PM,S0° 40.921' W76° 24.120',Owen,76.5,94.1,0.2,U,Terrafirme,54,clear,none,
08/01/24,YRS,Tinamou-Napo-Pantano-Botanico-Gran Ficus,TINA-02,"O,T,A",8:07 PM,10:19 PM,Frog,FG239,Dendrobatidae,Ranitomeya,ventrimaculata,Reticulated Poison Frog,8:20 PM,S0° 40.538' W76° 23.966',Alyssa,75.9,90.3,0.3,U,Terrafirme,78,clear,none,
08/01/24,YRS,Tinamou-Napo-Pantano-Botanico-Gran Ficus,TINA-02,"O,T,A",8:07 PM,10:19 PM,Salamander,SL21,Plethodontidae,Bolitoglossa,altamazonica,Amazon Climbing Salamander,8:37 PM,S0° 40.639' W76° 24.036',Owen,74.6,93.6,0.3,U,Terrafirme,78,clear,none,
08/01/24,YRS,Tinamou-Napo-Pantano-Botanico-Gran Ficus,TINA-02,"O,T,A",8:07 PM,10:19 PM,Frog,FG240,Hylidae,Osteocephalus,taurinus,Manaus Spiny-backed Treefrog,8:45 PM,S0° 40.641' W76° 24.074',Owen,74.6,93.9,5.4,U,Terrafirme,78,clear,none,
08/01/24,YRS,Tinamou-Napo-Pantano-Botanico-Gran Ficus,NAPO-02,"O,T,A",8:07 PM,10:19 PM,Frog,FG241,Hylidae,Osteocephalus,yasuni,Yasuni Spiny-backed Treefrog,9:00 PM,S0° 40.571' W76° 24.104',Owen,74.3,94.1,1.7,U,Terrafirme,78,clear,none,
08/01/24,YRS,Tinamou-Napo-Pantano-Botanico-Gran Ficus,BOTA-03,"O,T,A",8:07 PM,10:19 PM,Salamander,SL22,Plethodontidae,Bolitoglossa,altamazonica,Amazon Climbing Salamander,9:55 PM,S0° 40.608' W76° 23.934',Owen,73.3,95.1,0.6,U,Varzea,78,clear,none,
08/01/24,YRS,Tinamou-Napo-Pantano-Botanico-Gran Ficus,BOTA-03,"O,T,A",8:07 PM,10:19 PM,Frog,FG242,Hylidae,Boana,lanciformis,Basin Tree Frog,10:05 PM,S0° 40.549' W76° 23.901',Owen,73.2,94.9,1.9,U,Varzea,78,clear,none,